"Date","Price","Open","High","Low","Vol.","Change %"
"01/07/2024","151.37","146.90","151.69","146.20","","4.22%"
"12/31/2023","145.24","151.54","152.38","144.05","197.96M","-4.41%"
"12/24/2023","151.94","153.56","154.78","151.03","123.38M","-0.96%"
"12/17/2023","153.42","150.56","155.63","150.05","221.83M","2.30%"
"12/10/2023","149.97","145.66","150.57","143.64","317.11M","1.73%"
"12/03/2023","147.42","145.25","148.57","142.81","229.05M","0.27%"
"11/26/2023","147.03","147.53","149.26","144.33","242.85M","0.20%"
"11/19/2023","146.74","145.13","147.74","141.50","181.28M","1.07%"
"11/12/2023","145.18","142.08","147.29","139.52","255.56M","1.13%"
"11/05/2023","143.56","138.76","143.65","138.36","228.63M","3.58%"
"10/29/2023","138.60","129.72","139.49","128.56","281.90M","8.50%"
"10/22/2023","127.74","124.63","130.02","118.35","395.04M","2.05%"
"10/15/2023","125.17","130.69","133.07","124.97","252.24M","-3.56%"
"10/08/2023","129.79","126.22","134.48","124.76","223.05M","1.43%"
"10/01/2023","127.96","127.28","130.47","124.13","230.30M","0.66%"
"09/24/2023","127.12","129.36","131.78","123.04","302.59M","-1.55%"
"09/17/2023","129.12","140.48","141.75","128.52","280.82M","-8.03%"
"09/10/2023","140.39","138.75","145.86","138.64","326.84M","1.56%"
"09/03/2023","138.23","137.73","138.85","133.16","169.29M","0.08%"
"08/27/2023","138.12","133.78","139.96","131.85","208.66M","3.65%"
"08/20/2023","133.26","133.74","136.77","130.58","204.97M","0.03%"
"08/13/2023","133.22","138.30","141.28","131.15","228.46M","-3.75%"
"08/06/2023","138.41","140.99","142.54","137.00","274.78M","-0.83%"
"07/30/2023","139.57","133.20","143.63","126.41","379.52M","5.57%"
"07/23/2023","132.21","130.30","133.01","126.11","237.75M","1.70%"
"07/16/2023","130.00","134.56","135.99","128.41","351.08M","-3.47%"
"07/09/2023","134.68","129.07","136.65","125.92","281.52M","3.78%"
"07/02/2023","129.78","130.82","131.85","127.37","146.85M","-0.44%"
"06/25/2023","130.36","129.33","131.49","127.10","254.05M","0.80%"
"06/18/2023","129.33","124.97","130.84","123.85","271.35M","3.06%"
"06/11/2023","125.49","124.02","128.41","123.53","299.17M","1.67%"
"06/04/2023","123.43","123.36","127.40","120.63","302.86M","-0.66%"
"05/28/2023","124.25","122.37","126.39","119.17","252.76M","3.45%"
"05/21/2023","120.11","116.77","121.50","113.78","365.08M","3.32%"
"05/14/2023","116.25","111.15","118.60","109.25","318.37M","5.43%"
"05/07/2023","110.26","105.04","113.28","104.70","296.92M","4.36%"
"04/30/2023","105.65","104.95","105.96","101.15","315.55M","0.19%"
"04/23/2023","105.45","107.65","110.86","102.45","489.08M","-1.41%"
"04/16/2023","106.96","103.16","108.15","101.39","282.58M","4.34%"
"04/09/2023","102.51","100.96","103.20","97.71","273.79M","0.44%"
"04/02/2023","102.06","102.30","104.20","99.80","178.78M","-1.19%"
"03/26/2023","103.29","99.07","103.49","96.29","245.61M","5.26%"
"03/19/2023","98.13","98.41","102.10","95.70","292.17M","-0.83%"
"03/12/2023","98.95","89.97","100.99","88.12","375.90M","9.06%"
"03/05/2023","90.73","95.19","96.54","90.25","272.16M","-4.39%"
"02/26/2023","94.90","94.28","94.94","90.39","255.06M","1.50%"
"02/19/2023","93.50","95.33","97.01","92.32","221.64M","-3.81%"
"02/12/2023","97.20","97.85","101.17","95.65","273.47M","-0.42%"
"02/05/2023","97.61","102.93","103.95","96.23","394.69M","-5.59%"
"01/29/2023","103.39","101.09","114.00","99.01","520.20M","1.12%"
"01/22/2023","102.24","97.56","103.48","91.52","393.99M","5.13%"
"01/15/2023","97.25","98.68","99.32","92.86","288.81M","-0.89%"
"01/08/2023","98.12","87.46","98.37","87.08","406.95M","13.99%"
"01/01/2023","86.08","85.46","86.98","81.43","296.83M","2.48%"
"12/25/2022","84.00","84.97","85.35","81.69","232.91M","-1.47%"
"12/18/2022","85.25","87.51","87.63","82.25","356.01M","-2.97%"
"12/11/2022","87.86","89.21","96.25","86.73","463.46M","-1.38%"
"12/04/2022","89.09","93.05","94.06","87.48","355.83M","-5.35%"
"11/27/2022","94.13","93.93","97.23","91.44","384.42M","0.77%"
"11/20/2022","93.41","93.97","95.02","90.59","241.03M","-0.78%"
"11/13/2022","94.14","98.77","103.79","92.48","453.87M","-6.60%"
"11/06/2022","100.79","91.95","101.19","85.87","542.00M","10.78%"
"10/30/2022","90.98","103.56","104.87","88.04","654.17M","-12.02%"
"10/23/2022","103.41","119.98","121.32","97.66","522.21M","-13.33%"
"10/16/2022","119.32","110.11","119.59","110.09","280.04M","11.62%"
"10/09/2022","106.90","115.10","116.25","105.34","299.11M","-6.69%"
"10/02/2022","114.56","113.58","123.00","112.45","258.90M","1.38%"
"09/25/2022","113.00","113.30","118.70","112.84","297.03M","-0.69%"
"09/18/2022","113.78","122.16","124.71","112.06","273.83M","-7.89%"
"09/11/2022","123.53","134.09","136.49","120.70","340.39M","-7.31%"
"09/04/2022","133.27","127.92","133.69","124.74","185.13M","4.52%"
"08/28/2022","127.51","129.90","132.07","123.66","265.02M","-2.48%"
"08/21/2022","130.75","135.72","137.83","130.50","216.16M","-5.41%"
"08/14/2022","138.23","142.80","146.57","137.91","231.52M","-3.71%"
"08/07/2022","143.55","142.05","144.60","136.21","240.02M","1.95%"
"07/31/2022","140.80","134.96","143.56","133.51","331.87M","4.33%"
"07/24/2022","134.95","122.69","137.65","114.53","410.02M","10.24%"
"07/17/2022","122.42","115.00","125.50","113.15","303.08M","7.81%"
"07/10/2022","113.55","114.08","115.59","106.01","304.66M","-1.72%"
"07/03/2022","115.54","107.60","116.99","106.32","247.24M","5.46%"
"06/26/2022","109.56","117.09","117.98","102.52","374.38M","-5.92%"
"06/19/2022","116.46","108.20","116.71","103.56","265.15M","9.64%"
"06/12/2022","106.22","104.19","109.06","101.43","435.98M","-3.13%"
"06/05/2022","109.65","125.25","128.99","109.05","439.79M","-10.38%"
"05/29/2022","122.35","116.28","125.61","115.67","470.33M","6.25%"
"05/22/2022","115.15","108.46","115.19","101.26","490.51M","7.03%"
"05/15/2022","107.59","113.10","115.80","105.01","447.04M","-4.84%"
"05/08/2022","113.06","111.31","114.00","102.41","568.97M","-1.49%"
"05/01/2022","114.77","122.40","126.22","113.08","607.32M","-7.65%"
"04/24/2022","124.28","144.02","146.22","121.62","600.72M","-13.90%"
"04/17/2022","144.35","151.52","158.65","143.70","298.12M","-4.85%"
"04/10/2022","151.71","152.71","156.03","149.60","212.28M","-1.78%"
"04/03/2022","154.46","164.12","168.39","154.23","296.93M","-5.56%"
"03/27/2022","163.56","164.97","170.83","162.32","299.23M","-0.73%"
"03/20/2022","164.77","161.12","166.37","159.55","292.32M","2.18%"
"03/13/2022","161.25","145.98","161.59","140.88","410.53M","10.81%"
"03/06/2022","145.52","145.44","149.68","133.57","465.22M","-0.08%"
"02/27/2022","145.64","152.43","154.45","143.81","276.07M","-5.30%"
"02/20/2022","153.79","150.48","153.99","139.50","293.55M","0.78%"
"02/13/2022","152.60","151.75","160.35","150.89","320.54M","-0.45%"
"02/06/2022","153.29","158.52","163.83","152.73","392.82M","-2.76%"
"01/30/2022","157.64","144.75","161.20","138.33","703.84M","9.49%"
"01/23/2022","143.98","139.00","145.18","135.35","494.38M","0.94%"
"01/16/2022","142.64","159.10","159.73","142.07","356.63M","-12.03%"
"01/09/2022","162.14","160.59","166.88","156.30","298.80M","-0.25%"
"01/02/2022","162.55","167.55","171.40","161.94","297.46M","-2.50%"
"12/26/2021","166.72","171.04","172.94","166.56","234.73M","-2.54%"
"12/19/2021","171.07","166.85","172.05","165.60","205.15M","0.62%"
"12/12/2021","170.02","172.00","174.17","165.19","340.57M","-1.27%"
"12/05/2021","172.21","169.65","177.50","166.93","287.28M","1.60%"
"11/28/2021","169.49","177.38","179.80","166.93","365.91M","-3.28%"
"11/21/2021","175.23","183.82","185.67","175.21","277.19M","-4.68%"
"11/14/2021","183.83","176.85","188.11","176.26","367.14M","4.29%"
"11/07/2021","176.26","176.16","180.27","172.35","327.00M","0.18%"
"10/31/2021","175.95","168.09","178.31","164.18","399.67M","4.35%"
"10/24/2021","168.62","166.75","173.95","163.67","396.43M","1.10%"
"10/17/2021","166.78","169.42","173.14","166.56","254.41M","-2.15%"
"10/10/2021","170.45","163.75","170.52","161.81","271.42M","3.66%"
"10/03/2021","164.43","163.97","166.29","158.81","294.65M","0.16%"
"09/26/2021","164.16","168.57","170.78","162.80","326.20M","-4.16%"
"09/19/2021","171.28","169.80","171.46","165.25","287.14M","-1.07%"
"09/12/2021","173.13","174.14","174.90","170.10","293.27M","-0.19%"
"09/05/2021","173.46","173.90","177.50","173.15","218.22M","-0.25%"
"08/29/2021","173.90","167.87","176.35","167.76","333.65M","3.83%"
"08/22/2021","167.48","160.59","167.62","160.50","240.03M","4.67%"
"08/15/2021","160.00","164.15","165.00","158.79","333.24M","-2.85%"
"08/08/2021","164.70","167.18","167.90","163.48","237.77M","-1.52%"
"08/01/2021","167.25","167.66","169.55","164.99","295.33M","0.52%"
"07/25/2021","166.38","183.66","185.60","165.35","510.34M","-9.00%"
"07/18/2021","182.83","176.63","183.31","174.96","301.22M","2.32%"
"07/11/2021","178.68","187.20","188.65","178.52","338.86M","-3.92%"
"07/04/2021","185.97","176.51","188.00","176.45","420.03M","5.94%"
"06/27/2021","175.55","170.80","175.59","170.47","239.18M","3.22%"
"06/20/2021","170.07","173.82","176.24","169.71","344.17M","-2.45%"
"06/13/2021","174.34","167.34","175.35","166.78","391.66M","4.18%"
"06/06/2021","167.34","159.87","168.33","158.61","287.64M","4.39%"
"05/30/2021","160.31","162.17","162.55","159.20","181.85M","-0.52%"
"05/23/2021","161.15","160.78","164.79","160.52","259.21M","0.62%"
"05/16/2021","160.15","162.30","165.60","159.20","319.40M","-0.62%"
"05/09/2021","161.15","164.12","164.15","156.37","441.53M","-2.08%"
"05/02/2021","164.58","174.24","174.33","162.36","483.69M","-5.07%"
"04/25/2021","173.37","167.40","177.70","166.55","560.63M","3.79%"
"04/18/2021","167.04","169.52","171.80","165.07","266.74M","-1.72%"
"04/11/2021","169.97","167.76","171.60","166.30","323.25M","0.81%"
"04/04/2021","168.61","158.65","168.61","158.06","327.45M","6.68%"
"03/28/2021","158.05","152.77","158.12","151.42","222.36M","3.57%"
"03/21/2021","152.60","153.39","159.10","149.80","331.10M","-0.75%"
"03/14/2021","153.75","153.73","158.65","150.83","337.17M","-0.47%"
"03/07/2021","154.47","150.75","156.59","147.57","328.52M","2.97%"
"02/28/2021","150.02","156.39","158.18","144.05","403.77M","-2.99%"
"02/21/2021","154.65","160.41","161.62","151.84","400.28M","-4.83%"
"02/14/2021","162.50","162.70","166.90","162.29","264.31M","-0.85%"
"02/07/2021","163.89","167.93","168.25","161.67","264.98M","-2.22%"
"01/31/2021","167.61","162.12","171.70","161.75","512.78M","4.55%"
"01/24/2021","160.31","166.43","168.19","159.23","376.16M","-2.61%"
"01/17/2021","164.61","155.35","167.43","154.80","327.64M","6.06%"
"01/10/2021","155.21","157.40","159.50","154.30","356.40M","-2.46%"
"01/03/2021","159.13","163.50","163.60","156.56","370.28M","-2.28%"
"12/27/2020","162.85","159.70","167.53","158.63","334.52M","2.66%"
"12/20/2020","158.63","160.00","161.35","158.30","195.29M","-0.91%"
"12/13/2020","160.08","157.15","163.18","156.30","427.54M","2.73%"
"12/06/2020","155.82","157.82","159.21","153.64","324.67M","-1.46%"
"11/29/2020","158.13","160.42","162.45","156.28","350.87M","-1.03%"
"11/22/2020","159.77","155.83","160.81","153.27","289.89M","3.10%"
"11/15/2020","154.97","154.66","159.46","153.63","331.21M","-0.94%"
"11/08/2020","156.44","161.55","164.45","150.97","525.64M","-5.51%"
"11/01/2020","165.57","153.09","168.34","147.51","588.62M","9.06%"
"10/25/2020","151.81","159.94","164.58","150.95","615.46M","-5.25%"
"10/18/2020","160.22","164.98","166.45","156.10","440.09M","-2.09%"
"10/11/2020","163.64","167.50","174.81","158.00","632.71M","-0.42%"
"10/04/2020","164.33","157.29","164.45","154.50","425.07M","5.17%"
"09/27/2020","156.25","157.44","161.20","155.86","464.17M","0.96%"
"09/20/2020","154.76","145.32","156.70","143.55","577.28M","4.74%"
"09/13/2020","147.75","158.65","159.37","145.28","568.48M","-5.17%"
"09/06/2020","155.81","157.20","167.49","154.20","434.15M","-5.41%"
"08/30/2020","164.73","170.45","177.61","155.56","570.73M","-3.15%"
"08/23/2020","170.09","165.51","172.65","162.88","446.59M","3.56%"
"08/16/2020","164.24","158.66","166.00","157.71","382.61M","4.35%"
"08/09/2020","157.40","158.52","160.88","153.65","326.27M","-0.61%"
"08/02/2020","158.37","159.03","162.37","155.06","431.51M","0.09%"
"07/26/2020","158.23","153.10","162.34","149.79","489.66M","5.17%"
"07/19/2020","150.45","150.01","162.03","144.40","582.53M","1.59%"
"07/12/2020","148.10","162.55","167.21","145.91","637.94M","-7.44%"
"07/05/2020","160.00","146.75","160.75","146.50","581.01M","10.72%"
"06/28/2020","144.51","134.50","147.78","131.50","419.00M","7.33%"
"06/21/2020","134.64","134.22","139.80","133.45","428.73M","0.67%"
"06/14/2020","133.75","126.33","134.87","125.40","373.86M","5.11%"
"06/07/2020","127.25","125.01","136.12","124.37","506.58M","2.50%"
"05/31/2020","124.15","122.40","125.38","121.86","287.88M","1.66%"
"05/24/2020","122.12","122.90","123.10","116.50","306.95M","0.23%"
"05/17/2020","121.84","120.22","126.27","119.20","413.33M","1.12%"
"05/10/2020","120.49","118.73","120.98","116.89","380.00M","1.27%"
"05/03/2020","118.98","112.82","119.36","112.82","356.68M","4.09%"
"04/26/2020","114.30","122.16","123.75","112.91","696.28M","-5.15%"
"04/19/2020","120.51","119.50","122.25","113.98","527.28M","1.48%"
"04/12/2020","118.75","102.00","123.05","101.90","832.77M","16.26%"
"04/05/2020","102.14","96.80","102.65","96.50","390.40M","7.14%"
"03/29/2020","95.33","96.14","99.65","94.46","466.35M","0.35%"
"03/22/2020","95.00","91.39","97.82","90.60","661.15M","2.93%"
"03/15/2020","92.30","82.08","97.85","81.30","993.95M","3.42%"
"03/08/2020","89.25","88.69","94.71","83.75","814.99M","-6.10%"
"03/01/2020","95.05","95.32","99.82","93.47","581.82M","0.91%"
"02/23/2020","94.19","100.16","101.96","90.56","712.89M","-10.12%"
"02/16/2020","104.80","106.25","109.25","104.40","265.89M","-1.82%"
"02/09/2020","106.74","104.25","109.30","104.25","395.49M","2.67%"
"02/02/2020","103.96","100.53","104.93","100.01","476.86M","3.50%"
"01/26/2020","100.44","91.00","102.79","90.77","606.65M","7.91%"
"01/19/2020","93.08","93.25","95.12","92.37","263.50M","-0.17%"
"01/12/2020","93.24","94.57","94.90","92.75","315.71M","-0.98%"
"01/05/2020","94.16","93.00","95.89","93.00","354.87M","0.44%"
"12/29/2019","93.75","93.70","94.90","91.61","279.80M","0.28%"
"12/22/2019","93.49","89.41","95.07","89.23","304.64M","4.66%"
"12/15/2019","89.33","88.35","90.15","87.85","360.82M","1.45%"
"12/08/2019","88.05","87.53","88.45","86.75","259.43M","0.54%"
"12/01/2019","87.58","90.22","90.28","87.00","321.80M","-2.73%"
"11/24/2019","90.04","87.66","91.23","87.66","232.78M","3.15%"
"11/17/2019","87.29","86.92","88.13","86.14","261.04M","0.37%"
"11/10/2019","86.97","88.90","89.31","86.64","262.28M","-2.60%"
"11/03/2019","89.29","90.05","90.75","88.70","229.29M","-0.31%"
"10/27/2019","89.57","87.40","89.87","87.12","280.13M","1.70%"
"10/20/2019","88.07","88.48","89.49","84.75","429.61M","0.22%"
"10/13/2019","87.88","86.45","89.94","86.10","278.84M","1.48%"
"10/06/2019","86.60","86.58","87.39","85.25","258.10M","-0.44%"
"09/29/2019","86.98","86.35","87.78","84.25","307.67M","0.82%"
"09/22/2019","86.27","88.85","89.79","85.69","376.56M","-3.83%"
"09/15/2019","89.71","91.20","91.63","89.05","317.57M","-2.46%"
"09/08/2019","91.97","92.05","92.68","90.27","256.82M","0.32%"
"09/01/2019","91.68","88.50","92.10","88.40","233.90M","3.23%"
"08/25/2019","88.81","88.35","89.99","87.18","292.33M","1.52%"
"08/18/2019","87.48","90.90","91.48","87.26","294.57M","-2.40%"
"08/11/2019","89.63","89.80","91.59","87.86","374.77M","-0.83%"
"08/04/2019","90.38","88.51","91.71","87.44","444.73M","-0.86%"
"07/28/2019","91.16","96.50","96.61","90.40","430.89M","-6.17%"
"07/21/2019","97.15","98.56","100.06","96.23","346.13M","-1.10%"
"07/14/2019","98.23","101.07","101.32","97.58","296.96M","-2.31%"
"07/07/2019","100.55","96.71","101.79","96.41","379.76M","3.50%"
"06/30/2019","97.15","96.15","97.30","95.33","203.47M","2.61%"
"06/23/2019","94.68","95.63","95.84","93.62","258.33M","-0.92%"
"06/16/2019","95.56","93.83","96.76","93.77","331.52M","2.23%"
"06/09/2019","93.48","91.10","94.69","90.90","354.78M","3.64%"
"06/02/2019","90.20","88.00","90.31","83.60","550.30M","1.63%"
"05/26/2019","88.75","91.64","92.46","88.64","304.89M","-2.64%"
"05/19/2019","91.16","92.63","93.95","90.21","370.68M","-2.45%"
"05/12/2019","93.45","91.83","95.88","90.79","490.99M","-1.11%"
"05/05/2019","94.50","95.90","97.95","92.80","528.50M","-3.69%"
"04/28/2019","98.12","97.45","98.22","94.09","419.77M","0.60%"
"04/21/2019","97.53","92.77","97.55","92.28","524.43M","4.78%"
"04/14/2019","93.08","92.10","93.82","90.94","248.25M","1.01%"
"04/07/2019","92.15","91.66","92.65","91.26","324.01M","0.32%"
"03/31/2019","91.86","90.01","91.93","89.94","378.64M","3.17%"
"03/24/2019","89.04","87.89","90.29","87.28","413.16M","0.91%"
"03/17/2019","88.24","85.64","91.19","85.63","603.79M","3.06%"
"03/10/2019","85.62","81.31","85.94","81.30","430.81M","5.65%"
"03/03/2019","81.04","84.25","85.47","79.33","469.38M","-3.05%"
"02/24/2019","83.59","82.07","83.71","80.75","340.00M","2.46%"
"02/17/2019","81.58","80.05","81.75","80.03","271.98M","1.47%"
"02/10/2019","80.40","80.05","82.82","79.30","404.01M","1.25%"
"02/03/2019","79.41","81.15","83.61","78.34","472.12M","-2.34%"
"01/27/2019","81.31","82.18","86.82","79.54","753.42M","-2.66%"
"01/20/2019","83.53","84.05","84.17","80.51","413.83M","-1.51%"
"01/13/2019","84.81","80.75","85.81","79.76","572.01M","3.39%"
"01/06/2019","82.03","80.12","83.83","79.46","688.35M","4.14%"
"12/30/2018","78.77","75.54","79.70","73.05","621.92M","6.59%"
"12/23/2018","73.90","67.30","75.67","65.35","723.66M","7.30%"
"12/16/2018","68.87","78.30","79.23","68.20","955.54M","-13.48%"
"12/09/2018","79.60","81.19","85.25","79.25","639.52M","-2.28%"
"12/02/2018","81.46","88.47","88.92","80.49","638.44M","-3.61%"
"11/25/2018","84.51","76.95","84.80","76.21","657.49M","12.53%"
"11/18/2018","75.10","78.85","79.06","71.00","541.86M","-5.74%"
"11/11/2018","79.67","84.91","85.43","77.33","674.40M","-6.95%"
"11/04/2018","85.62","82.88","89.20","79.82","610.23M","2.81%"
"10/28/2018","83.28","83.00","84.87","73.82","1.02B","1.39%"
"10/21/2018","82.14","89.20","90.47","80.15","868.04M","-6.87%"
"10/14/2018","88.20","89.75","92.25","86.71","587.47M","-1.38%"
"10/07/2018","89.43","93.70","95.10","84.25","930.71M","-5.35%"
"09/30/2018","94.48","101.10","101.66","93.14","564.03M","-5.66%"
"09/23/2018","100.15","95.19","101.33","93.25","429.60M","4.60%"
"09/16/2018","95.75","97.74","97.91","94.37","507.73M","-2.80%"
"09/09/2018","98.51","98.55","100.44","95.85","425.12M","0.93%"
"09/02/2018","97.60","101.33","102.53","96.76","526.46M","-3.02%"
"08/26/2018","100.64","95.75","101.28","95.46","493.66M","5.64%"
"08/19/2018","95.27","94.53","95.97","93.30","308.24M","1.23%"
"08/12/2018","94.11","94.92","96.25","92.78","505.59M","-0.21%"
"08/05/2018","94.31","91.29","95.73","90.95","384.65M","3.46%"
"07/29/2018","91.16","91.37","92.05","86.97","485.39M","0.33%"
"07/22/2018","90.86","90.61","94.00","88.50","632.18M","0.19%"
"07/15/2018","90.69","91.10","92.94","89.87","491.59M","0.04%"
"07/08/2018","90.65","86.20","90.77","85.81","362.88M","5.99%"
"07/01/2018","85.53","84.14","86.25","83.90","219.93M","0.64%"
"06/24/2018","84.99","85.13","86.17","82.32","516.86M","-0.92%"
"06/17/2018","85.78","85.31","88.16","85.02","414.93M","-0.02%"
"06/10/2018","85.80","84.08","86.24","84.03","317.49M","1.90%"
"06/03/2018","84.20","82.44","85.72","82.27","403.28M","2.58%"
"05/27/2018","82.08","80.04","82.34","80.01","264.67M","1.95%"
"05/20/2018","80.51","79.25","80.71","78.32","290.62M","2.27%"
"05/13/2018","78.72","80.20","80.56","78.26","298.95M","-1.78%"
"05/06/2018","80.15","79.47","80.78","79.13","311.77M","1.39%"
"04/29/2018","79.05","79.12","79.80","77.30","441.84M","0.53%"
"04/22/2018","78.63","77.33","81.91","70.75","808.04M","2.96%"
"04/15/2018","76.37","72.25","78.43","71.37","504.32M","6.75%"
"04/08/2018","71.54","71.25","72.99","70.13","377.82M","1.82%"
"04/01/2018","70.26","70.88","72.98","67.64","799.46M","-2.92%"
"03/25/2018","72.37","76.50","78.80","68.26","778.22M","-3.22%"
"03/18/2018","74.78","77.73","79.50","74.77","604.79M","-4.84%"
"03/11/2018","78.58","79.63","80.88","78.38","509.21M","-0.46%"
"03/04/2018","78.94","74.71","78.95","74.05","447.33M","5.24%"
"02/25/2018","75.01","75.46","76.44","72.75","554.03M","0.01%"
"02/18/2018","75.00","72.32","75.17","72.32","441.59M","3.55%"
"02/11/2018","72.43","68.23","73.45","67.20","574.83M","8.14%"
"02/04/2018","66.98","70.13","73.05","63.30","1.05B","-6.32%"
"01/28/2018","71.50","70.46","74.90","69.26","764.76M","2.00%"
"01/21/2018","70.10","64.86","70.13","64.83","514.54M","8.30%"
"01/14/2018","64.73","66.15","67.00","64.04","421.60M","-0.81%"
"01/07/2018","65.26","61.80","65.29","61.60","383.91M","6.18%"
"12/31/2017","61.46","58.60","61.46","58.53","247.40M","5.11%"
"12/24/2017","58.47","58.42","59.51","58.03","168.05M","0.09%"
"12/17/2017","58.42","59.37","59.74","58.38","232.30M","-0.92%"
"12/10/2017","58.96","58.23","59.14","57.85","304.18M","1.48%"
"12/03/2017","58.10","58.69","58.76","56.24","368.53M","-0.03%"
"11/26/2017","58.12","60.13","60.67","57.26","583.55M","-1.99%"
"11/19/2017","59.30","56.49","59.34","56.13","234.53M","4.97%"
"11/12/2017","56.49","56.15","56.99","56.08","292.25M","0.39%"
"11/05/2017","56.27","55.46","56.78","55.44","291.28M","1.24%"
"10/29/2017","55.58","54.75","56.14","54.34","425.64M","0.96%"
"10/22/2017","55.05","49.34","55.28","48.12","628.70M","12.00%"
"10/15/2017","49.15","50.42","51.12","49.01","246.03M","-1.99%"
"10/08/2017","50.15","49.66","50.42","49.00","297.19M","1.35%"
"10/01/2017","49.48","48.20","49.79","47.52","292.96M","2.93%"
"09/24/2017","48.07","47.47","48.24","46.59","338.08M","0.65%"
"09/17/2017","47.76","49.52","49.64","47.72","279.01M","-3.20%"
"09/10/2017","49.34","48.72","50.00","48.71","314.32M","2.15%"
"09/03/2017","48.30","48.77","49.03","48.02","206.01M","-1.25%"
"08/27/2017","48.91","47.33","49.23","46.82","284.86M","3.49%"
"08/20/2017","47.26","47.88","48.40","47.06","342.06M","-1.38%"
"08/13/2017","47.92","48.92","49.59","47.73","313.03M","-0.99%"
"08/06/2017","48.40","49.53","49.81","47.57","366.02M","-1.98%"
"07/30/2017","49.38","50.95","50.95","49.09","439.61M","-3.18%"
"07/23/2017","51.00","51.42","54.17","50.05","547.16M","-0.55%"
"07/16/2017","51.28","50.23","51.75","50.19","330.32M","2.38%"
"07/09/2017","50.09","49.25","50.43","49.17","302.42M","2.35%"
"07/02/2017","48.94","48.64","49.01","47.55","249.30M","1.12%"
"06/25/2017","48.40","50.42","50.49","48.26","371.99M","-3.57%"
"06/18/2017","50.19","50.85","50.85","49.49","343.51M","1.62%"
"06/11/2017","49.39","48.35","49.99","47.25","696.97M","0.96%"
"06/04/2017","48.92","50.36","50.83","46.35","386.10M","-2.82%"
"05/28/2017","50.34","49.83","50.42","49.11","267.67M","1.10%"
"05/21/2017","49.79","48.20","49.95","48.15","316.24M","3.75%"
"05/14/2017","47.99","47.94","48.50","47.21","409.07M","-0.17%"
"05/07/2017","48.07","47.05","48.14","46.96","291.89M","2.91%"
"04/30/2017","46.71","46.39","47.72","46.39","363.66M","0.99%"
"04/23/2017","46.25","45.43","47.48","45.15","435.65M","2.94%"
"04/16/2017","44.93","44.38","45.52","44.38","279.18M","1.58%"
"04/09/2017","44.23","44.98","45.56","44.22","236.56M","-1.14%"
"04/02/2017","44.74","44.40","46.19","44.27","519.41M","0.92%"
"03/26/2017","44.33","41.90","44.52","41.67","340.07M","4.85%"
"03/19/2017","42.28","42.58","43.14","41.95","268.31M","-0.80%"
"03/12/2017","42.62","42.59","42.78","42.36","236.58M","0.00%"
"03/05/2017","42.62","42.26","42.87","42.06","232.62M","0.31%"
"02/26/2017","42.49","42.12","42.74","41.98","247.02M","0.54%"
"02/19/2017","42.26","42.44","43.04","41.89","265.49M","0.02%"
"02/12/2017","42.25","41.58","42.36","41.43","315.22M","2.13%"
"02/05/2017","41.37","40.49","41.40","40.15","302.72M","2.12%"
"01/29/2017","40.51","41.65","42.12","40.20","579.08M","-3.06%"
"01/22/2017","41.79","40.34","42.19","40.25","327.55M","3.39%"
"01/15/2017","40.42","40.78","40.80","40.17","238.83M","-1.08%"
"01/08/2017","40.86","39.90","41.08","39.48","353.26M","2.66%"
"01/01/2017","39.80","37.90","39.97","37.38","356.96M","6.16%"
"12/25/2016","37.49","38.17","39.00","37.41","264.75M","-1.42%"
"12/18/2016","38.03","37.94","38.72","37.81","247.73M","0.37%"
"12/11/2016","37.89","38.32","39.12","37.70","447.08M","-1.41%"
"12/04/2016","38.43","37.25","38.69","37.10","349.10M","3.81%"
"11/27/2016","37.02","38.85","38.85","36.84","411.29M","-5.13%"
"11/20/2016","39.02","38.30","39.62","38.26","306.06M","2.66%"
"11/13/2016","38.01","37.28","38.39","35.51","515.79M","2.87%"
"11/06/2016","36.95","38.58","39.59","35.88","746.59M","-2.12%"
"10/30/2016","37.75","39.05","40.04","37.66","494.80M","-2.76%"
"10/23/2016","38.82","41.25","42.15","38.73","591.10M","-5.20%"
"10/16/2016","40.95","41.08","41.16","40.16","278.19M","-0.49%"
"10/09/2016","41.15","42.16","42.26","41.06","277.74M","-1.95%"
"10/02/2016","41.97","41.80","42.36","41.51","285.98M","0.24%"
"09/25/2016","41.87","40.09","42.00","39.86","404.92M","3.92%"
"09/18/2016","40.29","39.00","40.39","38.55","267.71M","3.49%"
"09/11/2016","38.93","37.87","39.02","37.80","346.33M","2.42%"
"09/04/2016","38.01","38.70","39.54","38.01","248.65M","-1.58%"
"08/28/2016","38.62","38.44","38.80","38.20","190.31M","0.44%"
"08/21/2016","38.45","37.88","38.50","37.60","186.95M","1.53%"
"08/14/2016","37.87","38.59","38.60","37.84","188.33M","-1.97%"
"08/07/2016","38.63","38.34","38.69","38.05","180.99M","0.86%"
"07/31/2016","38.30","37.99","38.52","37.52","332.91M","0.95%"
"07/24/2016","37.94","37.33","38.30","36.64","450.33M","1.88%"
"07/17/2016","37.24","36.77","37.56","36.44","239.61M","1.28%"
"07/10/2016","36.77","37.50","37.87","36.70","369.46M","-1.39%"
"07/03/2016","37.29","36.14","37.30","35.98","254.89M","2.78%"
"06/26/2016","36.28","34.60","36.40","34.11","369.33M","3.81%"
"06/19/2016","34.95","35.67","36.11","34.61","370.65M","-1.05%"
"06/12/2016","35.32","35.70","36.13","34.96","351.29M","-1.62%"
"06/05/2016","35.90","36.33","36.58","35.71","265.13M","-1.05%"
"05/29/2016","36.28","35.62","36.41","35.57","265.51M","1.88%"
"05/22/2016","35.61","35.21","35.83","34.82","272.03M","1.34%"
"05/15/2016","35.14","35.51","35.72","34.44","415.58M","-1.01%"
"05/08/2016","35.50","33.70","36.12","33.57","544.75M","5.34%"
"05/01/2016","33.70","33.20","34.27","32.80","507.74M","2.18%"
"04/24/2016","32.98","30.83","33.50","29.96","549.13M","6.32%"
"04/17/2016","31.02","31.27","31.90","30.58","374.13M","-0.86%"
"04/10/2016","31.29","29.81","31.34","29.62","319.47M","5.25%"
"04/03/2016","29.73","29.95","30.12","29.26","268.21M","-0.67%"
"03/27/2016","29.93","29.22","30.16","28.78","340.07M","2.68%"
"03/20/2016","29.15","27.45","29.18","26.93","366.51M","5.62%"
"03/13/2016","27.60","28.35","29.08","27.30","481.87M","-3.09%"
"03/06/2016","28.48","28.68","28.68","27.39","434.62M","-0.97%"
"02/28/2016","28.76","27.70","29.25","27.63","398.48M","3.60%"
"02/21/2016","27.76","27.11","28.12","26.66","505.03M","3.78%"
"02/14/2016","26.75","25.97","27.06","25.58","393.04M","5.52%"
"02/07/2016","25.35","24.32","25.84","23.70","729.44M","0.96%"
"01/31/2016","25.11","28.91","29.09","24.96","772.48M","-14.45%"
"01/24/2016","29.35","29.90","31.90","28.50","840.15M","-1.58%"
"01/17/2016","29.82","28.85","30.00","27.36","456.92M","4.59%"
"01/10/2016","28.51","30.62","31.30","28.27","645.87M","-6.06%"
"01/03/2016","30.35","32.81","32.89","30.26","661.08M","-10.18%"
"12/27/2015","33.79","33.28","34.82","33.27","335.74M","1.96%"
"12/20/2015","33.14","33.42","33.49","32.83","194.69M","-0.21%"
"12/13/2015","33.21","32.09","34.12","31.76","472.04M","3.75%"
"12/06/2015","32.01","33.74","34.00","31.98","429.46M","-4.82%"
"11/29/2015","33.63","33.80","34.24","33.07","486.35M","-0.09%"
"11/22/2015","33.66","33.58","34.14","33.06","271.86M","0.72%"
"11/15/2015","33.42","32.05","33.64","31.11","496.55M","4.05%"
"11/08/2015","32.12","32.93","33.80","32.02","469.43M","-2.58%"
"11/01/2015","32.97","31.36","33.11","31.02","394.40M","5.34%"
"10/25/2015","31.30","30.11","31.54","29.81","395.07M","4.51%"
"10/18/2015","29.95","28.54","30.97","27.63","611.11M","4.94%"
"10/11/2015","28.54","27.00","28.55","26.98","370.98M","5.74%"
"10/04/2015","26.99","26.85","27.57","25.99","399.30M","1.35%"
"09/27/2015","26.63","26.00","26.63","24.52","445.26M","1.60%"
"09/20/2015","26.21","27.22","27.49","26.07","337.89M","-2.96%"
"09/13/2015","27.01","26.47","27.35","25.86","371.57M","2.04%"
"09/06/2015","26.47","25.43","26.50","25.43","279.70M","6.09%"
"08/30/2015","24.95","25.82","25.97","24.67","328.32M","-3.67%"
"08/23/2015","25.90","23.18","26.13","22.55","619.94M","4.77%"
"08/16/2015","24.72","26.56","26.97","24.72","361.83M","-7.00%"
"08/09/2015","26.58","26.43","26.73","25.65","283.94M","1.72%"
"08/02/2015","26.13","26.87","27.14","25.91","332.56M","-2.54%"
"07/26/2015","26.81","26.39","27.25","26.16","465.71M","1.28%"
"07/19/2015","26.47","24.63","29.03","23.79","846.66M","9.61%"
"07/12/2015","24.15","22.41","24.27","22.38","414.16M","8.88%"
"07/05/2015","22.18","21.76","22.24","21.28","248.26M","1.32%"
"06/28/2015","21.89","21.75","22.00","21.45","173.61M","-0.09%"
"06/21/2015","21.91","21.85","22.35","21.68","251.03M","0.74%"
"06/14/2015","21.75","21.38","22.25","21.13","288.16M","1.16%"
"06/07/2015","21.50","21.28","21.94","20.96","232.21M","0.70%"
"05/31/2015","21.35","21.52","21.92","21.31","221.39M","-0.51%"
"05/24/2015","21.46","21.31","21.62","21.10","188.08M","0.37%"
"05/17/2015","21.38","21.30","21.84","20.92","263.87M","0.38%"
"05/10/2015","21.30","21.63","21.95","21.21","249.33M","-1.75%"
"05/03/2015","21.68","21.24","21.76","20.73","267.09M","2.55%"
"04/26/2015","21.14","22.19","22.35","20.80","408.14M","-4.99%"
"04/19/2015","22.25","18.93","22.63","18.85","765.83M","18.48%"
"04/12/2015","18.78","19.18","19.39","18.72","246.63M","-1.83%"
"04/05/2015","19.13","18.50","19.36","18.47","252.16M","2.79%"
"03/29/2015","18.61","18.59","18.89","18.42","173.21M","0.43%"
"03/22/2015","18.53","18.90","19.09","18.28","268.74M","-2.06%"
"03/15/2015","18.92","18.52","18.97","18.34","254.49M","2.10%"
"03/08/2015","18.53","18.92","18.97","18.31","266.98M","-2.47%"
"03/01/2015","19.00","19.04","19.42","18.94","233.31M","-0.05%"
"02/22/2015","19.01","19.17","19.47","18.81","249.86M","-0.89%"
"02/15/2015","19.18","18.89","19.18","18.63","250.71M","0.47%"
"02/08/2015","19.09","18.55","19.15","18.36","281.29M","2.03%"
"02/01/2015","18.71","17.50","18.94","17.50","635.09M","5.53%"
"01/25/2015","17.73","15.59","17.98","14.97","833.33M","13.51%"
"01/18/2015","15.62","14.63","15.85","14.32","459.98M","7.43%"
"01/11/2015","14.54","14.88","15.07","14.26","419.88M","-2.09%"
"01/04/2015","14.85","15.35","15.42","14.62","292.29M","-3.76%"
"12/28/2014","15.43","15.39","15.74","15.33","198.96M","-0.13%"
"12/21/2014","15.45","15.10","15.54","15.10","222.68M","3.07%"
"12/14/2014","14.99","15.44","15.54","14.65","624.47M","-2.47%"
"12/07/2014","15.37","15.58","15.83","15.06","347.40M","-1.66%"
"11/30/2014","15.63","16.91","17.03","15.54","399.74M","-7.68%"
"11/23/2014","16.93","16.74","17.06","16.56","207.14M","1.80%"
"11/16/2014","16.63","16.32","16.92","15.90","390.42M","1.46%"
"11/09/2014","16.39","15.00","16.64","15.00","427.27M","9.34%"
"11/02/2014","14.99","15.31","15.40","14.61","355.03M","-1.83%"
"10/26/2014","15.27","14.29","15.29","14.25","500.35M","6.41%"
"10/19/2014","14.35","15.15","15.95","14.20","775.54M","-5.47%"
"10/12/2014","15.18","15.49","15.66","14.69","444.90M","-2.50%"
"10/05/2014","15.57","16.18","16.21","15.57","307.85M","-3.53%"
"09/28/2014","16.14","16.02","16.26","15.57","285.16M","-0.12%"
"09/21/2014","16.16","16.42","16.47","15.88","293.87M","-2.47%"
"09/14/2014","16.57","16.55","16.64","15.95","417.52M","0.06%"
"09/07/2014","16.56","17.23","17.29","16.32","351.16M","-4.39%"
"08/31/2014","17.32","17.00","17.47","16.86","208.08M","2.18%"
"08/24/2014","16.95","16.66","17.33","16.64","255.44M","2.23%"
"08/17/2014","16.58","16.77","16.89","16.54","204.05M","-0.60%"
"08/10/2014","16.68","15.92","16.75","15.84","333.05M","5.30%"
"08/03/2014","15.84","15.44","15.87","15.43","300.16M","3.19%"
"07/27/2014","15.35","16.21","16.24","15.23","508.59M","-5.25%"
"07/20/2014","16.20","17.91","18.24","15.74","656.09M","-9.65%"
"07/13/2014","17.93","17.35","17.98","17.27","406.95M","3.58%"
"07/06/2014","17.31","16.88","17.35","16.07","410.95M","2.61%"
"06/29/2014","16.87","16.25","16.91","16.11","209.53M","3.94%"
"06/22/2014","16.23","16.17","16.49","16.07","253.70M","0.12%"
"06/15/2014","16.21","16.24","16.95","16.02","463.33M","-0.61%"
"06/08/2014","16.31","16.58","17.04","16.18","367.28M","-1.03%"
"06/01/2014","16.48","15.63","16.54","15.19","394.94M","5.44%"
"05/25/2014","15.63","15.72","15.74","15.37","284.35M","0.13%"
"05/18/2014","15.61","14.79","15.62","14.69","308.49M","4.91%"
"05/11/2014","14.88","14.71","15.28","14.52","370.22M","1.85%"
"05/04/2014","14.61","15.32","15.51","14.22","442.63M","-5.13%"
"04/27/2014","15.40","15.20","15.66","14.40","668.10M","1.38%"
"04/20/2014","15.19","16.20","16.88","15.14","716.00M","-6.52%"
"04/13/2014","16.25","15.88","16.43","15.28","365.58M","4.23%"
"04/06/2014","15.59","16.05","16.61","15.47","642.94M","-3.47%"
"03/30/2014","16.15","17.12","17.41","15.78","626.20M","-4.49%"
"03/23/2014","16.91","18.00","18.07","16.54","464.26M","-6.21%"
"03/16/2014","18.03","18.79","18.95","17.92","308.27M","-3.53%"
"03/09/2014","18.69","18.63","19.16","18.18","356.14M","0.48%"
"03/02/2014","18.60","17.94","18.77","17.72","291.63M","2.71%"
"02/23/2014","18.11","17.26","18.29","17.16","360.15M","4.44%"
"02/16/2014","17.34","17.76","17.79","17.22","337.69M","-2.97%"
"02/09/2014","17.87","18.08","18.25","17.32","419.63M","-1.00%"
"02/02/2014","18.05","17.95","18.09","16.89","544.78M","0.67%"
"01/26/2014","17.93","19.52","20.31","17.89","746.55M","-7.48%"
"01/19/2014","19.38","20.15","20.40","19.36","254.64M","-3.00%"
"01/12/2014","19.98","19.90","20.17","19.42","299.54M","0.50%"
"01/05/2014","19.88","19.79","20.34","19.42","243.83M","0.30%"
"12/29/2013","19.82","19.97","20.14","19.62","176.77M","-0.40%"
"12/22/2013","19.90","20.18","20.28","19.81","158.02M","-1.04%"
"12/15/2013","20.11","19.25","20.24","19.16","311.38M","4.69%"
"12/08/2013","19.21","19.41","19.47","18.98","262.13M","-0.72%"
"12/01/2013","19.35","19.95","19.95","19.07","293.53M","-1.68%"
"11/24/2013","19.68","18.69","19.70","18.66","207.58M","5.69%"
"11/17/2013","18.62","18.51","18.73","18.02","227.02M","0.87%"
"11/10/2013","18.46","17.53","18.64","17.28","320.87M","5.37%"
"11/03/2013","17.52","18.01","18.14","17.09","262.86M","-2.40%"
"10/27/2013","17.95","18.00","18.30","17.80","322.61M","-1.21%"
"10/20/2013","18.17","16.49","18.42","16.19","544.35M","10.46%"
"10/13/2013","16.45","15.46","16.59","15.26","299.99M","5.86%"
"10/06/2013","15.54","15.76","15.77","14.83","264.61M","-2.57%"
"09/29/2013","15.95","15.67","16.15","15.55","214.88M","0.95%"
"09/22/2013","15.80","15.70","15.97","15.44","191.57M","-0.13%"
"09/15/2013","15.82","14.99","16.03","14.76","294.39M","6.17%"
"09/08/2013","14.90","14.86","15.10","14.81","162.60M","0.74%"
"09/01/2013","14.79","14.24","14.94","14.21","189.02M","5.27%"
"08/25/2013","14.05","14.52","14.55","13.97","175.06M","-3.10%"
"08/18/2013","14.50","14.26","14.57","14.17","185.46M","1.83%"
"08/11/2013","14.24","14.79","14.95","14.22","199.19M","-4.17%"
"08/04/2013","14.86","15.17","15.18","14.63","206.86M","-2.30%"
"07/28/2013","15.21","15.55","15.65","14.95","272.77M","-2.50%"
"07/21/2013","15.60","15.46","15.68","14.78","416.57M","2.23%"
"07/14/2013","15.26","15.36","15.47","15.09","259.51M","-0.78%"
"07/07/2013","15.38","14.32","15.38","14.31","323.67M","7.63%"
"06/30/2013","14.29","13.95","14.33","13.86","189.90M","2.95%"
"06/23/2013","13.88","13.56","14.01","13.25","301.26M","1.54%"
"06/16/2013","13.67","13.82","14.17","13.49","300.99M","-0.22%"
"06/09/2013","13.70","13.83","14.12","13.51","264.58M","-1.01%"
"06/02/2013","13.84","13.45","14.01","13.15","305.12M","2.82%"
"05/26/2013","13.46","13.32","13.60","13.24","208.36M","2.83%"
"05/19/2013","13.09","13.45","13.59","12.92","219.75M","-2.97%"
"05/12/2013","13.49","13.14","13.50","13.10","234.88M","2.35%"
"05/05/2013","13.18","12.90","13.18","12.65","281.52M","2.17%"
"04/28/2013","12.90","12.74","12.96","12.29","464.27M","1.26%"
"04/21/2013","12.74","12.97","13.79","12.64","528.03M","-2.15%"
"04/14/2013","13.02","13.55","13.76","12.83","286.81M","-4.55%"
"04/07/2013","13.64","12.80","13.66","12.78","254.76M","6.81%"
"03/31/2013","12.77","13.35","13.37","12.68","241.90M","-4.13%"
"03/24/2013","13.32","12.93","13.37","12.72","205.70M","3.34%"
"03/17/2013","12.89","12.96","13.07","12.60","302.66M","-1.53%"
"03/10/2013","13.09","13.67","13.87","13.00","342.60M","-4.52%"
"03/03/2013","13.71","13.27","13.83","13.21","260.35M","3.16%"
"02/24/2013","13.29","13.35","13.43","12.79","298.34M","0.15%"
"02/17/2013","13.27","13.30","13.71","13.08","263.02M","0.15%"
"02/10/2013","13.25","13.16","13.53","12.83","381.87M","1.15%"
"02/03/2013","13.10","13.14","13.40","12.76","367.33M","-1.13%"
"01/27/2013","13.25","14.19","14.22","12.92","809.42M","-6.69%"
"01/20/2013","14.20","13.58","14.24","13.33","260.90M","4.34%"
"01/13/2013","13.61","13.40","13.72","13.38","269.95M","1.57%"
"01/06/2013","13.40","13.15","13.49","13.12","309.40M","3.40%"
"12/30/2012","12.96","12.19","13.04","12.14","226.36M","5.71%"
"12/23/2012","12.26","12.87","12.97","12.14","212.88M","-4.59%"
"12/16/2012","12.85","12.49","13.16","12.46","336.61M","3.13%"
"12/09/2012","12.46","12.65","12.74","12.33","306.18M","-1.58%"
"12/02/2012","12.66","12.63","12.78","12.43","293.79M","0.48%"
"11/25/2012","12.60","12.02","12.63","11.90","381.69M","5.09%"
"11/18/2012","11.99","11.42","12.00","11.37","222.04M","6.48%"
"11/11/2012","11.26","11.33","11.46","10.91","311.04M","-0.53%"
"11/04/2012","11.32","11.60","11.89","11.23","284.40M","-2.58%"
"10/28/2012","11.62","11.82","11.94","11.53","241.57M","-2.43%"
"10/21/2012","11.91","11.94","11.95","11.15","614.40M","-0.75%"
"10/14/2012","12.00","12.14","12.55","11.93","363.40M","-0.99%"
"10/07/2012","12.12","12.88","12.99","12.09","297.23M","-6.26%"
"09/30/2012","12.93","12.77","13.10","12.45","260.83M","1.65%"
"09/23/2012","12.72","12.76","12.95","12.41","317.83M","-1.17%"
"09/16/2012","12.87","13.06","13.14","12.84","322.68M","-1.45%"
"09/09/2012","13.06","12.95","13.21","12.68","291.23M","0.77%"
"09/02/2012","12.96","12.41","12.97","12.23","340.04M","4.43%"
"08/26/2012","12.41","12.29","12.50","12.15","288.92M","0.98%"
"08/19/2012","12.29","12.07","12.34","11.91","261.79M","1.91%"
"08/12/2012","12.06","11.61","12.17","11.55","308.28M","3.61%"
"08/05/2012","11.64","11.78","11.90","11.57","176.75M","-0.94%"
"07/29/2012","11.75","11.85","12.04","11.43","312.20M","-1.01%"
"07/22/2012","11.87","11.24","11.92","10.75","648.70M","4.03%"
"07/15/2012","11.41","10.83","11.47","10.70","314.22M","4.49%"
"07/08/2012","10.92","11.25","11.36","10.63","249.59M","-2.93%"
"07/01/2012","11.25","11.46","11.53","11.21","191.07M","-1.49%"
"06/24/2012","11.42","11.02","11.42","10.90","310.96M","2.79%"
"06/17/2012","11.11","10.86","11.30","10.84","271.30M","1.74%"
"06/10/2012","10.92","10.87","11.04","10.63","315.16M","0.00%"
"06/03/2012","10.92","10.37","11.07","10.32","338.92M","4.90%"
"05/27/2012","10.41","10.71","10.83","10.36","313.60M","-2.16%"
"05/20/2012","10.64","10.70","11.00","10.56","337.41M","-0.47%"
"05/13/2012","10.69","11.28","11.53","10.64","476.34M","-6.06%"
"05/06/2012","11.38","11.12","11.53","10.91","407.89M","1.61%"
"04/29/2012","11.20","11.20","11.69","11.15","595.27M","-1.23%"
"04/22/2012","11.34","9.45","11.43","9.28","863.36M","19.37%"
"04/15/2012","9.50","9.45","9.73","9.18","362.47M","0.85%"
"04/08/2012","9.42","9.60","9.71","9.28","387.83M","-3.09%"
"04/01/2012","9.72","9.90","10.12","9.62","402.18M","-4.05%"
"03/25/2012","10.13","9.82","10.49","9.78","672.40M","3.90%"
"03/18/2012","9.75","9.17","9.81","9.14","540.22M","5.41%"
"03/11/2012","9.25","9.21","9.28","9.02","395.75M","0.33%"
"03/04/2012","9.22","8.95","9.42","8.90","479.69M","2.90%"
"02/26/2012","8.96","8.88","9.21","8.82","467.44M","0.00%"
"02/19/2012","8.96","9.13","9.24","8.85","427.44M","-1.75%"
"02/12/2012","9.12","9.36","9.68","8.76","867.88M","-1.72%"
"02/05/2012","9.28","9.31","9.38","9.09","577.64M","-1.07%"
"01/29/2012","9.38","9.68","9.78","8.60","1.13B","-3.99%"
"01/22/2012","9.77","9.54","9.82","9.19","482.38M","2.30%"
"01/15/2012","9.55","9.01","9.80","8.93","516.66M","7.06%"
"01/08/2012","8.92","9.14","9.22","8.68","445.81M","-2.30%"
"01/01/2012","9.13","8.79","9.23","8.70","402.78M","5.55%"
"12/25/2011","8.65","8.89","8.93","8.35","382.08M","-2.37%"
"12/18/2011","8.86","9.10","9.18","8.62","507.96M","-2.21%"
"12/11/2011","9.06","9.50","9.56","8.51","783.86M","-6.11%"
"12/04/2011","9.65","9.94","9.95","9.42","541.51M","-1.53%"
"11/27/2011","9.80","9.58","9.98","9.37","727.19M","7.46%"
"11/20/2011","9.12","9.66","9.73","9.08","684.54M","-7.51%"
"11/13/2011","9.86","10.78","11.12","9.86","683.92M","-9.29%"
"11/06/2011","10.87","10.84","11.01","10.40","453.47M","0.46%"
"10/30/2011","10.82","10.79","10.94","10.37","627.73M","-0.46%"
"10/23/2011","10.87","11.80","12.02","9.83","1.28B","-7.41%"
"10/16/2011","11.74","12.21","12.34","11.46","504.15M","-4.86%"
"10/09/2011","12.34","11.31","12.34","11.21","548.62M","9.79%"
"10/02/2011","11.24","10.85","11.39","10.02","709.81M","3.98%"
"09/25/2011","10.81","11.37","11.79","10.76","880.17M","-3.31%"
"09/18/2011","11.18","11.86","12.20","10.95","724.35M","-6.52%"
"09/11/2011","11.96","10.44","12.02","10.43","668.70M","13.15%"
"09/04/2011","10.57","10.24","11.03","10.22","410.04M","0.67%"
"08/28/2011","10.50","10.14","10.88","10.13","547.10M","5.42%"
"08/21/2011","9.96","9.14","9.99","8.86","559.83M","11.28%"
"08/14/2011","8.95","10.10","10.26","8.88","590.31M","-11.56%"
"08/07/2011","10.12","9.82","10.25","9.50","854.22M","-0.10%"
"07/31/2011","10.13","11.25","11.37","9.74","743.82M","-8.98%"
"07/24/2011","11.13","10.77","11.36","10.52","733.85M","2.77%"
"07/17/2011","10.83","10.63","11.01","10.41","377.22M","1.79%"
"07/10/2011","10.64","10.84","10.88","10.46","404.68M","-2.47%"
"07/03/2011","10.91","10.44","10.92","10.44","260.97M","4.20%"
"06/26/2011","10.47","9.72","10.51","9.70","460.03M","8.72%"
"06/19/2011","9.63","9.30","9.76","9.28","367.69M","3.33%"
"06/12/2011","9.32","9.34","9.62","9.08","530.19M","-0.11%"
"06/05/2011","9.33","9.40","9.59","9.26","404.96M","-0.96%"
"05/29/2011","9.42","9.80","9.92","9.38","297.67M","-2.99%"
"05/22/2011","9.71","9.78","9.86","9.54","365.87M","-2.22%"
"05/15/2011","9.93","10.03","10.04","9.57","570.22M","-1.97%"
"05/08/2011","10.13","9.92","10.32","9.84","509.56M","2.53%"
"05/01/2011","9.88","9.83","10.17","9.77","613.20M","0.92%"
"04/24/2011","9.79","9.28","9.89","9.04","1.04B","5.38%"
"04/17/2011","9.29","8.92","9.30","8.77","293.69M","3.22%"
"04/10/2011","9.00","9.24","9.32","8.95","414.58M","-2.60%"
"04/03/2011","9.24","9.04","9.41","9.03","469.68M","2.55%"
"03/27/2011","9.01","8.59","9.16","8.46","513.27M","5.38%"
"03/20/2011","8.55","8.17","8.67","8.04","459.47M","5.69%"
"03/13/2011","8.09","8.33","8.41","8.03","561.99M","-3.69%"
"03/06/2011","8.40","8.60","8.60","8.20","557.49M","-2.10%"
"02/27/2011","8.58","8.70","8.79","8.42","537.71M","-3.16%"
"02/20/2011","8.86","9.18","9.24","8.72","399.66M","-4.94%"
"02/13/2011","9.32","9.46","9.57","9.26","404.02M","-1.48%"
"02/06/2011","9.46","8.81","9.47","8.74","624.10M","7.50%"
"01/30/2011","8.80","8.51","8.86","8.37","487.93M","2.80%"
"01/23/2011","8.56","8.90","9.25","8.35","970.54M","-3.49%"
"01/16/2011","8.87","9.43","9.58","8.84","406.42M","-6.04%"
"01/09/2011","9.44","9.25","9.45","9.13","318.11M","1.83%"
"01/02/2011","9.27","9.07","9.42","9.06","443.80M","3.00%"
"12/26/2010","9.00","9.10","9.23","8.98","255.27M","-1.42%"
"12/19/2010","9.13","8.96","9.28","8.90","395.77M","2.82%"
"12/12/2010","8.88","8.82","8.95","8.65","446.90M","1.14%"
"12/05/2010","8.78","8.78","9.07","8.67","452.04M","0.00%"
"11/28/2010","8.78","9.00","9.09","8.70","653.94M","-1.13%"
"11/21/2010","8.88","8.26","8.92","8.23","539.00M","7.77%"
"11/14/2010","8.24","8.26","8.27","7.84","628.93M","-0.48%"
"11/07/2010","8.28","8.54","8.67","8.25","560.14M","-3.04%"
"10/31/2010","8.54","8.22","8.63","8.08","565.01M","3.39%"
"10/24/2010","8.26","8.58","8.60","8.24","532.87M","-2.36%"
"10/17/2010","8.46","8.25","8.51","7.83","991.37M","2.79%"
"10/10/2010","8.23","7.74","8.24","7.57","591.65M","5.78%"
"10/03/2010","7.78","7.70","8.06","7.64","571.88M","1.17%"
"09/26/2010","7.69","8.01","8.09","7.61","770.73M","-4.35%"
"09/19/2010","8.04","7.43","8.04","7.37","765.58M","8.36%"
"09/12/2010","7.42","7.20","7.45","7.18","548.04M","4.21%"
"09/05/2010","7.12","6.88","7.13","6.82","394.62M","2.59%"
"08/29/2010","6.94","6.30","6.97","6.12","535.88M","9.64%"
"08/22/2010","6.33","6.39","6.46","6.11","487.27M","-0.94%"
"08/15/2010","6.39","6.18","6.54","6.15","534.60M","2.57%"
"08/08/2010","6.23","6.42","6.50","6.18","493.77M","-2.96%"
"08/01/2010","6.42","5.96","6.42","5.88","601.38M","9.00%"
"07/25/2010","5.89","5.91","5.94","5.73","753.48M","-0.84%"
"07/18/2010","5.94","5.92","6.06","5.29","1.49B","0.34%"
"07/11/2010","5.92","5.89","6.24","5.87","588.23M","1.02%"
"07/04/2010","5.86","5.53","5.87","5.45","420.12M","7.33%"
"06/27/2010","5.46","5.94","6.00","5.30","824.55M","-9.75%"
"06/20/2010","6.05","6.34","6.37","5.84","610.65M","-3.82%"
"06/13/2010","6.29","6.21","6.40","6.12","394.99M","2.28%"
"06/06/2010","6.15","6.29","6.33","5.79","714.63M","0.16%"
"05/30/2010","6.14","6.25","6.46","6.08","383.98M","-2.07%"
"05/23/2010","6.27","6.13","6.38","5.92","546.78M","2.12%"
"05/16/2010","6.14","6.41","6.56","5.88","678.57M","-4.51%"
"05/09/2010","6.43","6.49","6.85","6.34","599.57M","2.88%"
"05/02/2010","6.25","6.86","6.97","6.03","998.54M","-8.89%"
"04/25/2010","6.86","7.16","7.39","6.85","792.52M","-4.46%"
"04/18/2010","7.18","7.12","7.55","6.96","1.04B","0.98%"
"04/11/2010","7.11","7.00","7.36","6.96","687.33M","1.57%"
"04/04/2010","7.00","6.64","7.07","6.54","768.48M","6.22%"
"03/28/2010","6.59","6.77","6.91","6.56","484.40M","-2.37%"
"03/21/2010","6.75","6.51","6.85","6.36","741.77M","3.53%"
"03/14/2010","6.52","6.58","6.69","6.43","575.10M","-1.06%"
"03/07/2010","6.59","6.42","6.71","6.39","614.05M","2.17%"
"02/28/2010","6.45","5.94","6.47","5.88","922.45M","8.95%"
"02/21/2010","5.92","5.87","5.99","5.79","730.58M","0.68%"
"02/14/2010","5.88","6.00","6.03","5.74","696.22M","-1.67%"
"02/07/2010","5.98","5.97","6.05","5.80","835.64M","1.87%"
"01/31/2010","5.87","6.16","6.24","5.69","1.94B","-6.38%"
"01/24/2010","6.27","6.11","6.59","5.91","1.86B","3.29%"
"01/17/2010","6.07","6.31","6.46","6.04","790.71M","-4.56%"
"01/10/2010","6.36","6.63","6.64","6.29","1.08B","-4.79%"
"01/03/2010","6.68","6.81","6.83","6.44","890.04M","-0.74%"
"12/27/2009","6.73","6.99","7.13","6.73","572.34M","-2.75%"
"12/20/2009","6.92","6.52","6.99","6.51","648.34M","7.79%"
"12/13/2009","6.42","6.62","6.63","6.28","916.13M","-4.32%"
"12/06/2009","6.71","6.90","6.95","6.49","957.65M","-2.47%"
"11/29/2009","6.88","6.61","7.30","6.61","1.26B","4.40%"
"11/22/2009","6.59","6.55","6.72","6.49","473.93M","1.70%"
"11/15/2009","6.48","6.61","6.73","6.37","692.86M","-2.56%"
"11/08/2009","6.65","6.36","6.65","6.28","823.95M","5.39%"
"11/01/2009","6.31","5.93","6.35","5.81","1.01B","6.23%"
"10/25/2009","5.94","5.96","6.28","5.91","1.91B","0.34%"
"10/18/2009","5.92","4.77","5.98","4.58","1.93B","24.11%"
"10/11/2009","4.77","4.81","4.89","4.65","583.18M","-0.42%"
"10/04/2009","4.79","4.51","4.84","4.41","716.34M","6.68%"
"09/27/2009","4.49","4.55","4.71","4.48","562.58M","-0.88%"
"09/20/2009","4.53","4.48","4.72","4.42","550.04M","0.44%"
"09/13/2009","4.51","4.19","4.56","4.14","715.68M","6.62%"
"09/06/2009","4.23","3.99","4.25","3.94","536.96M","7.36%"
"08/30/2009","3.94","4.10","4.12","3.88","536.90M","-4.83%"
"08/23/2009","4.14","4.26","4.32","4.13","435.02M","-2.59%"
"08/16/2009","4.25","4.06","4.25","4.01","589.11M","1.67%"
"08/09/2009","4.18","4.25","4.33","4.12","514.54M","-2.11%"
"08/02/2009","4.27","4.33","4.41","4.15","608.99M","-0.47%"
"07/26/2009","4.29","4.31","4.36","4.13","794.12M","-0.69%"
"07/19/2009","4.32","4.31","4.72","4.28","1.15B","0.70%"
"07/12/2009","4.29","3.90","4.33","3.90","587.33M","10.57%"
"07/05/2009","3.88","3.92","3.94","3.77","694.77M","-2.27%"
"06/28/2009","3.97","4.19","4.25","3.93","569.14M","-5.25%"
"06/21/2009","4.19","4.12","4.21","3.81","787.61M","0.96%"
"06/14/2009","4.15","4.14","4.21","4.03","590.97M","-1.19%"
"06/07/2009","4.20","4.34","4.43","4.10","547.79M","-4.11%"
"05/31/2009","4.38","3.91","4.40","3.87","830.63M","12.31%"
"05/24/2009","3.90","3.75","3.98","3.73","445.81M","3.17%"
"05/17/2009","3.78","3.70","4.06","3.65","626.71M","2.72%"
"05/10/2009","3.68","3.84","3.99","3.67","771.11M","-5.64%"
"05/03/2009","3.90","4.01","4.18","3.82","786.70M","-1.27%"
"04/26/2009","3.95","4.19","4.27","3.89","840.71M","-6.40%"
"04/19/2009","4.22","3.92","4.33","3.84","1.29B","8.21%"
"04/12/2009","3.90","3.99","4.00","3.68","733.85M","-2.26%"
"04/05/2009","3.99","3.86","4.00","3.73","484.90M","2.05%"
"03/29/2009","3.91","3.52","3.92","3.49","824.62M","10.76%"
"03/22/2009","3.53","3.57","3.78","3.49","784.04M","0.86%"
"03/15/2009","3.50","3.43","3.70","3.33","980.83M","2.04%"
"03/08/2009","3.43","3.11","3.49","3.01","1.26B","11.36%"
"03/01/2009","3.08","3.20","3.29","2.99","1.18B","-4.94%"
"02/22/2009","3.24","3.21","3.31","3.05","910.07M","1.57%"
"02/15/2009","3.19","3.08","3.21","3.03","612.40M","0.95%"
"02/08/2009","3.16","3.33","3.37","3.09","814.59M","-5.11%"
"02/01/2009","3.33","2.93","3.35","2.91","1.40B","13.27%"
"01/25/2009","2.94","2.51","2.99","2.39","1.64B","16.21%"
"01/18/2009","2.53","2.54","2.58","2.41","510.69M","-1.94%"
"01/11/2009","2.58","2.71","2.71","2.38","955.51M","-7.19%"
"01/04/2009","2.78","2.79","2.91","2.65","836.10M","2.21%"
"12/28/2008","2.72","2.57","2.73","2.43","564.00M","5.02%"
"12/21/2008","2.59","2.58","2.70","2.42","465.48M","0.39%"
"12/14/2008","2.58","2.53","2.74","2.41","878.31M","0.78%"
"12/07/2008","2.56","2.46","2.72","2.37","965.48M","6.22%"
"11/30/2008","2.41","2.10","2.52","1.94","1.40B","13.15%"
"11/23/2008","2.13","1.94","2.21","1.94","894.02M","12.70%"
"11/16/2008","1.89","2.00","2.06","1.73","1.44B","-9.57%"
"11/09/2008","2.09","2.50","2.53","1.92","1.25B","-15.04%"
"11/02/2008","2.46","2.82","2.94","2.31","985.34M","-13.99%"
"10/26/2008","2.86","2.45","2.99","2.42","1.23B","16.73%"
"10/19/2008","2.45","2.61","2.65","2.17","1.78B","-3.16%"
"10/12/2008","2.53","2.95","3.20","2.17","1.60B","-9.96%"
"10/05/2008","2.81","3.20","3.32","2.55","1.45B","-16.12%"
"09/28/2008","3.35","3.42","3.66","3.07","1.09B","-5.37%"
"09/21/2008","3.54","4.06","4.08","3.40","757.25M","-12.59%"
"09/14/2008","4.05","3.84","4.34","3.50","1.25B","3.32%"
"09/07/2008","3.92","4.11","4.19","3.75","781.02M","-1.01%"
"08/31/2008","3.96","4.16","4.22","3.85","562.63M","-1.98%"
"08/24/2008","4.04","4.23","4.23","4.03","538.62M","-5.16%"
"08/17/2008","4.26","4.30","4.31","4.05","599.34M","-1.39%"
"08/10/2008","4.32","4.01","4.59","3.99","1.08B","7.20%"
"08/03/2008","4.03","3.80","4.06","3.75","666.18M","6.33%"
"07/27/2008","3.79","3.85","3.99","3.70","698.04M","-3.32%"
"07/20/2008","3.92","3.48","4.12","3.29","1.48B","13.29%"
"07/13/2008","3.46","3.47","3.64","3.15","1.01B","0.87%"
"07/06/2008","3.43","3.62","3.77","3.34","801.32M","-4.72%"
"06/29/2008","3.60","3.75","3.81","3.53","573.80M","-3.49%"
"06/22/2008","3.73","4.07","4.11","3.63","902.27M","-7.90%"
"06/15/2008","4.05","3.92","4.22","3.92","694.29M","2.27%"
"06/08/2008","3.96","4.06","4.08","3.75","613.17M","-1.74%"
"06/01/2008","4.03","4.06","4.24","3.96","714.53M","-1.23%"
"05/25/2008","4.08","3.91","4.10","3.90","578.81M","4.08%"
"05/18/2008","3.92","3.95","4.24","3.87","907.95M","2.62%"
"05/11/2008","3.82","3.65","3.84","3.59","599.07M","5.52%"
"05/04/2008","3.62","3.86","3.89","3.58","658.94M","-6.46%"
"04/27/2008","3.87","4.03","4.12","3.82","819.01M","-4.21%"
"04/20/2008","4.04","4.00","4.13","3.85","1.33B","1.00%"
"04/13/2008","4.00","3.58","4.10","3.53","818.62M","11.11%"
"04/06/2008","3.60","3.87","3.92","3.58","626.87M","-6.25%"
"03/30/2008","3.84","3.51","3.95","3.48","782.28M","10.03%"
"03/23/2008","3.49","3.69","3.85","3.46","705.13M","-4.64%"
"03/16/2008","3.66","3.29","3.70","3.25","834.39M","7.33%"
"03/09/2008","3.41","3.19","3.53","3.15","999.06M","6.56%"
"03/02/2008","3.20","3.18","3.33","3.06","1.21B","-0.62%"
"02/24/2008","3.22","3.62","3.67","3.20","1.03B","-10.56%"
"02/17/2008","3.60","3.68","3.71","3.47","781.25M","-1.37%"
"02/10/2008","3.65","3.66","3.94","3.60","938.20M","-0.54%"
"02/03/2008","3.67","3.73","3.83","3.36","1.15B","-1.61%"
"01/27/2008","3.73","3.85","3.97","3.44","2.06B","-3.87%"
"01/20/2008","3.88","3.68","4.07","3.50","1.06B","-2.76%"
"01/13/2008","3.99","4.11","4.17","3.90","1.09B","-1.48%"
"01/06/2008","4.05","4.43","4.59","4.01","1.22B","-8.78%"
"12/30/2007","4.44","4.69","4.87","4.42","780.41M","-5.93%"
"12/23/2007","4.72","4.55","4.79","4.51","443.32M","3.51%"
"12/16/2007","4.56","4.45","4.61","4.19","701.70M","2.47%"
"12/09/2007","4.45","4.72","4.80","4.45","696.70M","-5.72%"
"12/02/2007","4.72","4.50","4.75","4.49","587.14M","4.19%"
"11/25/2007","4.53","4.12","4.57","4.06","850.42M","11.30%"
"11/18/2007","4.07","3.94","4.10","3.90","594.47M","3.56%"
"11/11/2007","3.93","3.91","4.06","3.83","845.54M","-0.25%"
"11/04/2007","3.94","4.22","4.46","3.94","944.41M","-8.37%"
"10/28/2007","4.30","4.52","4.57","4.17","761.09M","-4.44%"
"10/21/2007","4.50","4.46","5.05","4.16","2.27B","0.22%"
"10/14/2007","4.49","4.59","4.61","4.42","725.38M","-2.81%"
"10/07/2007","4.62","4.71","4.84","4.41","766.77M","-1.07%"
"09/30/2007","4.67","4.67","4.71","4.57","483.34M","0.21%"
"09/23/2007","4.66","4.57","4.71","4.54","490.60M","1.97%"
"09/16/2007","4.57","4.35","4.59","4.30","643.72M","4.10%"
"09/09/2007","4.39","4.25","4.44","4.13","624.15M","3.78%"
"09/02/2007","4.23","4.00","4.32","3.99","687.84M","5.75%"
"08/26/2007","4.00","4.03","4.04","3.80","571.75M","1.01%"
"08/19/2007","3.96","3.75","3.97","3.69","650.75M","5.60%"
"08/12/2007","3.75","3.80","3.82","3.50","728.50M","0.27%"
"08/05/2007","3.74","3.85","4.00","3.62","854.70M","-2.60%"
"07/29/2007","3.84","4.15","4.20","3.75","1.25B","-8.57%"
"07/22/2007","4.20","3.59","4.45","3.44","2.67B","17.32%"
"07/15/2007","3.58","3.74","3.74","3.52","702.51M","-4.53%"
"07/08/2007","3.75","3.47","3.77","3.45","1.09B","8.70%"
"07/01/2007","3.45","3.44","3.50","3.40","325.04M","0.88%"
"06/24/2007","3.42","3.47","3.51","3.34","844.00M","-0.58%"
"06/17/2007","3.44","3.62","3.63","3.42","904.62M","-4.97%"
"06/10/2007","3.62","3.65","3.65","3.46","1.06B","-1.09%"
"06/03/2007","3.66","3.41","3.74","3.38","1.84B","6.71%"
"05/27/2007","3.43","3.42","3.54","3.39","773.16M","0.00%"
"05/20/2007","3.43","3.18","3.67","3.17","2.60B","8.20%"
"05/13/2007","3.17","3.08","3.18","3.00","1.05B","2.92%"
"05/06/2007","3.08","3.12","3.16","2.98","1.11B","-2.53%"
"04/29/2007","3.16","3.10","3.19","3.01","1.70B","0.96%"
"04/22/2007","3.13","2.21","3.19","2.21","4.92B","39.11%"
"04/15/2007","2.25","2.19","2.27","2.18","746.87M","6.13%"
"04/08/2007","2.12","2.09","2.12","2.06","421.91M","1.92%"
"04/01/2007","2.08","1.99","2.09","1.98","408.34M","4.52%"
"03/25/2007","1.99","1.95","2.01","1.92","522.94M","2.05%"
"03/18/2007","1.95","1.90","1.99","1.90","427.14M","3.17%"
"03/11/2007","1.89","1.93","1.95","1.86","656.14M","-2.58%"
"03/04/2007","1.94","1.86","1.97","1.85","898.12M","3.19%"
"02/25/2007","1.88","2.04","2.06","1.88","753.17M","-7.84%"
"02/18/2007","2.04","2.01","2.10","2.00","490.08M","0.99%"
"02/11/2007","2.02","1.94","2.02","1.92","501.68M","4.12%"
"02/04/2007","1.94","1.86","1.98","1.84","733.59M","3.74%"
"01/28/2007","1.87","1.83","1.97","1.83","1.43B","1.63%"
"01/21/2007","1.84","1.88","1.91","1.81","596.18M","-0.54%"
"01/14/2007","1.85","1.92","1.95","1.83","517.99M","-3.14%"
"01/07/2007","1.91","1.91","1.92","1.85","599.06M","-0.52%"
"12/31/2006","1.92","1.93","1.96","1.88","507.87M","-2.54%"
"12/24/2006","1.97","2.01","2.03","1.97","336.68M","-1.99%"
"12/17/2006","2.01","2.01","2.03","1.91","680.55M","0.50%"
"12/10/2006","2.00","1.91","2.01","1.90","582.83M","4.17%"
"12/03/2006","1.92","1.97","1.98","1.89","660.17M","-2.54%"
"11/26/2006","1.97","2.11","2.14","1.95","771.77M","-7.08%"
"11/19/2006","2.12","2.12","2.16","2.10","391.22M","-0.47%"
"11/12/2006","2.13","1.96","2.15","1.96","973.76M","8.67%"
"11/05/2006","1.96","1.88","1.99","1.88","615.76M","4.81%"
"10/29/2006","1.87","1.90","1.93","1.84","614.74M","-2.09%"
"10/22/2006","1.91","1.62","1.92","1.61","2.03B","17.18%"
"10/15/2006","1.63","1.64","1.66","1.59","572.89M","-2.40%"
"10/08/2006","1.67","1.62","1.69","1.61","568.52M","2.45%"
"10/01/2006","1.63","1.60","1.67","1.53","691.90M","1.24%"
"09/24/2006","1.61","1.55","1.63","1.54","628.65M","4.55%"
"09/17/2006","1.54","1.62","1.64","1.50","900.98M","-5.52%"
"09/10/2006","1.63","1.51","1.64","1.49","646.52M","6.54%"
"09/03/2006","1.53","1.58","1.61","1.48","614.28M","-3.77%"
"08/27/2006","1.59","1.42","1.59","1.41","746.06M","13.57%"
"08/20/2006","1.40","1.44","1.45","1.38","454.19M","-4.11%"
"08/13/2006","1.46","1.31","1.49","1.31","730.85M","12.31%"
"08/06/2006","1.30","1.36","1.36","1.29","623.53M","-4.41%"
"07/30/2006","1.36","1.35","1.38","1.29","932.97M","0.00%"
"07/23/2006","1.36","1.67","1.73","1.30","2.82B","-18.07%"
"07/16/2006","1.66","1.64","1.74","1.64","685.86M","0.61%"
"07/09/2006","1.65","1.81","1.83","1.64","588.23M","-8.84%"
"07/02/2006","1.81","1.93","1.93","1.79","330.97M","-6.22%"
"06/25/2006","1.93","1.83","1.94","1.81","491.39M","5.46%"
"06/18/2006","1.83","1.76","1.85","1.74","504.44M","4.57%"
"06/11/2006","1.75","1.70","1.76","1.65","516.22M","3.55%"
"06/04/2006","1.69","1.72","1.73","1.62","563.50M","-2.87%"
"05/28/2006","1.74","1.79","1.79","1.69","449.85M","-3.33%"
"05/21/2006","1.80","1.70","1.82","1.66","797.27M","5.88%"
"05/14/2006","1.70","1.63","1.70","1.58","737.42M","3.66%"
"05/07/2006","1.64","1.75","1.77","1.63","511.93M","-6.29%"
"04/30/2006","1.75","1.76","1.78","1.68","645.16M","-0.57%"
"04/23/2006","1.76","1.81","1.81","1.75","728.12M","-2.22%"
"04/16/2006","1.80","1.82","1.86","1.75","462.62M","-1.64%"
"04/09/2006","1.83","1.86","1.86","1.77","358.50M","-1.08%"
"04/02/2006","1.85","1.83","1.94","1.80","586.94M","1.09%"
"03/26/2006","1.83","1.77","1.84","1.76","467.14M","3.39%"
"03/19/2006","1.77","1.80","1.86","1.77","497.43M","-1.67%"
"03/12/2006","1.80","1.82","1.87","1.79","439.51M","-0.55%"
"03/05/2006","1.81","1.86","1.88","1.79","547.83M","-2.69%"
"02/26/2006","1.86","1.92","1.94","1.77","764.25M","-3.12%"
"02/19/2006","1.92","1.95","1.96","1.89","508.44M","-2.04%"
"02/12/2006","1.96","1.91","2.00","1.87","528.69M","1.55%"
"02/05/2006","1.93","1.92","1.95","1.86","707.94M","0.52%"
"01/29/2006","1.92","2.27","2.30","1.87","1.46B","-15.04%"
"01/22/2006","2.26","2.21","2.26","2.17","468.96M","2.73%"
"01/15/2006","2.20","2.20","2.26","2.15","557.62M","-0.90%"
"01/08/2006","2.22","2.33","2.35","2.20","747.60M","-7.11%"
"01/01/2006","2.39","2.37","2.43","2.31","531.89M","1.27%"
"12/25/2005","2.36","2.44","2.46","2.36","378.50M","-4.07%"
"12/18/2005","2.46","2.45","2.50","2.38","575.97M","0.00%"
"12/11/2005","2.46","2.46","2.50","2.42","513.01M","0.82%"
"12/04/2005","2.44","2.44","2.50","2.39","669.78M","-0.41%"
"11/27/2005","2.45","2.41","2.48","2.38","865.98M","2.08%"
"11/20/2005","2.40","2.38","2.45","2.36","820.80M","0.00%"
"11/13/2005","2.40","2.13","2.40","2.12","2.07B","12.68%"
"11/06/2005","2.13","2.05","2.15","2.03","427.55M","3.90%"
"10/30/2005","2.05","1.97","2.10","1.96","572.85M","5.13%"
"10/23/2005","1.95","2.31","2.35","1.94","1.26B","-15.22%"
"10/16/2005","2.30","2.18","2.30","2.18","535.41M","5.02%"
"10/09/2005","2.19","2.19","2.22","2.10","462.07M","0.00%"
"10/02/2005","2.19","2.27","2.33","2.17","567.88M","-3.52%"
"09/25/2005","2.27","2.12","2.29","2.12","509.57M","7.58%"
"09/18/2005","2.11","2.13","2.17","2.02","424.32M","-1.40%"
"09/11/2005","2.14","2.14","2.25","2.11","566.21M","-0.47%"
"09/04/2005","2.15","2.08","2.21","2.08","428.27M","3.37%"
"08/28/2005","2.08","2.10","2.15","2.05","388.43M","-1.89%"
"08/21/2005","2.12","2.18","2.21","2.10","414.51M","-3.20%"
"08/14/2005","2.19","2.20","2.27","2.17","387.56M","-0.90%"
"08/07/2005","2.21","2.27","2.32","2.20","635.06M","-2.21%"
"07/31/2005","2.26","2.24","2.35","2.22","655.27M","0.00%"
"07/24/2005","2.26","1.90","2.29","1.89","2.07B","18.95%"
"07/17/2005","1.90","1.85","1.99","1.83","643.57M","2.15%"
"07/10/2005","1.86","1.74","1.88","1.73","508.05M","6.90%"
"07/03/2005","1.74","1.68","1.74","1.67","405.89M","5.45%"
"06/26/2005","1.65","1.75","1.75","1.64","502.50M","-5.71%"
"06/19/2005","1.75","1.75","1.80","1.74","422.28M","-1.13%"
"06/12/2005","1.77","1.73","1.80","1.73","438.34M","1.14%"
"06/05/2005","1.75","1.78","1.81","1.72","428.73M","-1.69%"
"05/29/2005","1.78","1.77","1.85","1.76","498.60M","0.56%"
"05/22/2005","1.77","1.78","1.80","1.76","472.35M","0.00%"
"05/15/2005","1.77","1.70","1.80","1.70","551.55M","4.12%"
"05/08/2005","1.70","1.72","1.74","1.68","521.35M","-1.73%"
"05/01/2005","1.73","1.61","1.73","1.60","700.68M","6.79%"
"04/24/2005","1.62","1.66","1.70","1.53","1.51B","-1.82%"
"04/17/2005","1.65","1.65","1.69","1.60","737.55M","0.00%"
"04/10/2005","1.65","1.73","1.75","1.65","477.99M","-4.62%"
"04/03/2005","1.73","1.70","1.77","1.69","488.92M","1.76%"
"03/27/2005","1.70","1.66","1.74","1.65","490.81M","3.66%"
"03/20/2005","1.64","1.71","1.73","1.64","465.90M","-4.09%"
"03/13/2005","1.71","1.73","1.74","1.68","524.99M","-1.72%"
"03/06/2005","1.74","1.80","1.82","1.70","593.87M","-2.79%"
"02/27/2005","1.79","1.74","1.82","1.73","600.20M","2.29%"
"02/20/2005","1.75","1.75","1.77","1.66","633.05M","-1.13%"
"02/13/2005","1.77","1.78","1.83","1.75","556.70M","-1.12%"
"02/06/2005","1.79","1.79","1.84","1.75","811.08M","0.00%"
"01/30/2005","1.79","2.12","2.18","1.73","2.38B","-15.17%"
"01/23/2005","2.11","2.07","2.15","2.01","813.26M","2.43%"
"01/16/2005","2.06","2.21","2.25","2.05","761.43M","-7.62%"
"01/09/2005","2.23","2.10","2.23","2.04","1.07B","5.19%"
"01/02/2005","2.12","2.25","2.27","2.04","1.14B","-4.07%"
"12/26/2004","2.21","1.98","2.28","1.97","1.42B","13.33%"
"12/19/2004","1.95","2.00","2.02","1.93","417.29M","-2.50%"
"12/12/2004","2.00","1.97","2.05","1.94","581.94M","2.56%"
"12/05/2004","1.95","1.99","2.00","1.90","651.58M","-2.50%"
"11/28/2004","2.00","1.98","2.04","1.89","791.77M","2.56%"
"11/21/2004","1.95","1.92","1.98","1.88","491.31M","1.04%"
"11/14/2004","1.93","2.02","2.08","1.91","840.67M","-4.46%"
"11/07/2004","2.02","1.84","2.05","1.83","850.45M","10.38%"
"10/31/2004","1.83","1.71","1.88","1.71","857.03M","7.02%"
"10/24/2004","1.71","1.70","1.74","1.68","862.39M","-1.16%"
"10/17/2004","1.73","1.91","2.01","1.65","1.54B","-10.36%"
"10/10/2004","1.93","1.99","2.08","1.89","817.88M","-3.50%"
"10/03/2004","2.00","2.06","2.13","1.98","741.71M","-0.99%"
"09/26/2004","2.02","2.04","2.06","1.95","1.02B","-1.46%"
"09/19/2004","2.05","2.14","2.20","2.04","835.46M","-4.65%"
"09/12/2004","2.15","1.96","2.21","1.94","1.10B","11.40%"
"09/05/2004","1.93","1.95","1.97","1.87","481.17M","-0.52%"
"08/29/2004","1.94","1.99","2.00","1.89","601.66M","-3.00%"
"08/22/2004","2.00","1.99","2.04","1.91","634.16M","1.01%"
"08/15/2004","1.98","1.81","2.02","1.80","967.90M","9.39%"
"08/08/2004","1.81","1.77","1.87","1.74","856.58M","2.26%"
"08/01/2004","1.77","1.92","1.95","1.74","867.97M","-9.23%"
"07/25/2004","1.95","2.00","2.01","1.87","978.67M","-2.50%"
"07/18/2004","2.00","2.36","2.39","1.98","1.59B","-14.89%"
"07/11/2004","2.35","2.41","2.52","2.34","631.87M","-2.89%"
"07/04/2004","2.42","2.62","2.63","2.39","616.20M","-7.98%"
"06/27/2004","2.63","2.61","2.73","2.59","781.98M","1.54%"
"06/20/2004","2.59","2.48","2.60","2.41","693.45M","4.44%"
"06/13/2004","2.48","2.47","2.55","2.45","530.10M","-0.80%"
"06/06/2004","2.50","2.58","2.61","2.46","549.96M","-1.96%"
"05/30/2004","2.55","2.39","2.58","2.38","927.03M","5.37%"
"05/23/2004","2.42","2.06","2.43","2.06","890.99M","17.48%"
"05/16/2004","2.06","2.11","2.16","2.03","616.33M","-4.19%"
"05/09/2004","2.15","2.06","2.21","2.03","773.95M","2.38%"
"05/02/2004","2.10","2.17","2.26","2.08","724.48M","-3.67%"
"04/25/2004","2.18","2.31","2.44","2.17","827.60M","-5.63%"
"04/18/2004","2.31","2.27","2.46","2.25","1.03B","1.76%"
"04/11/2004","2.27","2.40","2.42","2.27","604.68M","-5.42%"
"04/04/2004","2.40","2.28","2.41","2.27","506.04M","4.35%"
"03/28/2004","2.30","2.10","2.31","2.10","607.32M","10.58%"
"03/21/2004","2.08","2.09","2.12","1.96","819.15M","-2.80%"
"03/14/2004","2.14","2.11","2.19","2.05","589.14M","0.94%"
"03/07/2004","2.12","2.20","2.25","2.05","669.67M","-3.64%"
"02/29/2004","2.20","2.14","2.24","2.08","707.82M","2.33%"
"02/22/2004","2.15","2.26","2.26","2.11","814.92M","-4.87%"
"02/15/2004","2.26","2.31","2.32","2.23","678.84M","-2.59%"
"02/08/2004","2.32","2.34","2.40","2.28","623.75M","0.00%"
"02/01/2004","2.32","2.53","2.53","2.21","1.61B","-7.94%"
"01/25/2004","2.52","2.84","2.89","2.43","1.49B","-11.89%"
"01/18/2004","2.86","2.78","2.89","2.77","625.48M","2.51%"
"01/11/2004","2.79","2.58","2.84","2.54","1.13B","8.14%"
"01/04/2004","2.58","2.60","2.68","2.46","992.66M","-0.77%"
"12/28/2003","2.60","2.69","2.69","2.57","503.30M","-2.62%"
"12/21/2003","2.67","2.45","2.75","2.44","631.12M","8.54%"
"12/14/2003","2.46","2.60","2.61","2.35","1.07B","-3.53%"
"12/07/2003","2.55","2.58","2.61","2.42","874.66M","-1.16%"
"11/30/2003","2.58","2.72","2.74","2.54","943.07M","-4.44%"
"11/23/2003","2.70","2.46","2.70","2.43","747.08M","11.11%"
"11/16/2003","2.43","2.60","2.61","2.38","1.23B","-7.25%"
"11/09/2003","2.62","2.70","2.76","2.54","896.61M","-3.68%"
"11/02/2003","2.72","2.74","2.87","2.70","776.03M","0.00%"
"10/26/2003","2.72","2.75","2.88","2.72","840.18M","-0.37%"
"10/19/2003","2.73","2.98","3.06","2.65","1.73B","-8.39%"
"10/12/2003","2.98","2.90","3.02","2.87","1.02B","2.76%"
"10/05/2003","2.90","2.64","2.96","2.63","1.49B","9.85%"
"09/28/2003","2.64","2.44","2.66","2.38","1.07B","8.64%"
"09/21/2003","2.43","2.33","2.56","2.31","1.39B","2.10%"
"09/14/2003","2.38","2.27","2.41","2.25","697.02M","4.39%"
"09/07/2003","2.28","2.33","2.37","2.24","839.02M","-2.15%"
"08/31/2003","2.33","2.33","2.39","2.29","771.26M","0.43%"
"08/24/2003","2.32","2.24","2.32","2.23","628.78M","2.65%"
"08/17/2003","2.26","2.02","2.35","2.02","1.01B","13.00%"
"08/10/2003","2.00","1.95","2.02","1.92","519.16M","2.04%"
"08/03/2003","1.96","1.99","2.01","1.91","686.35M","-2.00%"
"07/27/2003","2.00","2.07","2.12","1.99","805.90M","-3.85%"
"07/20/2003","2.08","1.74","2.15","1.70","1.85B","18.86%"
"07/13/2003","1.75","1.93","1.98","1.74","825.23M","-6.91%"
"07/06/2003","1.88","1.92","2.04","1.85","945.34M","-1.05%"
"06/29/2003","1.90","1.83","1.91","1.78","464.11M","4.97%"
"06/22/2003","1.81","1.77","1.85","1.73","806.84M","3.43%"
"06/15/2003","1.75","1.73","1.86","1.70","792.24M","2.34%"
"06/08/2003","1.71","1.72","1.77","1.64","778.27M","2.40%"
"06/01/2003","1.67","1.82","1.83","1.66","953.52M","-6.70%"
"05/25/2003","1.79","1.63","1.80","1.62","817.09M","9.15%"
"05/18/2003","1.64","1.64","1.66","1.56","774.32M","-0.61%"
"05/11/2003","1.65","1.54","1.67","1.53","880.89M","6.45%"
"05/04/2003","1.55","1.47","1.56","1.45","1.00B","5.44%"
"04/27/2003","1.47","1.43","1.47","1.41","1.07B","1.38%"
"04/20/2003","1.45","1.25","1.45","1.24","1.64B","16.00%"
"04/13/2003","1.25","1.24","1.27","1.21","659.65M","-3.10%"
"04/06/2003","1.29","1.36","1.38","1.24","821.17M","-1.53%"
"03/30/2003","1.31","1.33","1.35","1.25","780.65M","-3.68%"
"03/23/2003","1.36","1.35","1.40","1.31","840.92M","-2.86%"
"03/16/2003","1.40","1.22","1.40","1.22","1.05B","12.90%"
"03/09/2003","1.24","1.13","1.25","1.12","684.74M","7.83%"
"03/02/2003","1.15","1.11","1.15","1.07","507.33M","4.55%"
"02/23/2003","1.10","1.08","1.11","1.01","530.43M","0.92%"
"02/16/2003","1.09","1.01","1.09","1.01","497.41M","9.00%"
"02/09/2003","1.00","1.07","1.08","0.98","770.60M","-6.54%"
"02/02/2003","1.07","1.10","1.12","1.06","528.59M","-1.83%"
"01/26/2003","1.09","1.08","1.12","1.06","712.22M","-1.80%"
"01/19/2003","1.11","1.06","1.16","1.02","917.30M","3.74%"
"01/12/2003","1.07","1.07","1.14","1.06","700.82M","0.00%"
"01/05/2003","1.07","1.02","1.09","1.01","763.65M","3.88%"
"12/29/2002","1.03","0.94","1.03","0.93","584.26M","9.57%"
"12/22/2002","0.94","1.09","1.12","0.92","860.18M","-14.55%"
"12/15/2002","1.10","1.11","1.13","1.08","465.99M","-0.90%"
"12/08/2002","1.11","1.11","1.13","1.06","617.10M","-1.77%"
"12/01/2002","1.13","1.21","1.25","1.08","904.35M","-3.42%"
"11/24/2002","1.17","1.20","1.23","1.17","495.93M","-2.50%"
"11/17/2002","1.20","1.13","1.21","1.06","1.48B","8.11%"
"11/10/2002","1.11","0.97","1.12","0.94","1.17B","13.27%"
"11/03/2002","0.98","0.97","0.99","0.91","850.36M","-1.01%"
"10/27/2002","0.99","0.96","0.99","0.90","710.19M","3.13%"
"10/20/2002","0.96","0.94","1.01","0.92","1.02B","1.05%"
"10/13/2002","0.95","0.91","1.01","0.91","1.07B","3.26%"
"10/06/2002","0.92","0.83","0.94","0.82","763.60M","10.84%"
"09/29/2002","0.83","0.83","0.88","0.79","816.23M","-2.35%"
"09/22/2002","0.85","0.78","0.87","0.76","850.87M","7.59%"
"09/15/2002","0.79","0.83","0.90","0.77","750.46M","-4.82%"
"09/08/2002","0.83","0.76","0.89","0.75","750.81M","7.79%"
"09/01/2002","0.77","0.74","0.77","0.71","389.31M","2.67%"
"08/25/2002","0.75","0.76","0.77","0.71","505.65M","-1.32%"
"08/18/2002","0.76","0.74","0.80","0.73","624.60M","2.70%"
"08/11/2002","0.74","0.71","0.75","0.67","488.73M","4.23%"
"08/04/2002","0.71","0.68","0.74","0.64","489.67M","2.90%"
"07/28/2002","0.69","0.66","0.74","0.66","534.19M","6.15%"
"07/21/2002","0.65","0.76","0.79","0.61","1.11B","-14.47%"
"07/14/2002","0.76","0.77","0.86","0.75","742.20M","-1.30%"
"07/07/2002","0.77","0.75","0.81","0.70","690.28M","1.32%"
"06/30/2002","0.76","0.81","0.81","0.64","665.68M","-6.17%"
"06/23/2002","0.81","0.87","0.89","0.73","840.56M","-7.95%"
"06/16/2002","0.88","0.85","0.96","0.84","767.06M","4.76%"
"06/09/2002","0.84","0.90","0.91","0.81","736.69M","-9.68%"
"06/02/2002","0.93","0.92","0.93","0.87","511.24M","2.20%"
"05/26/2002","0.91","0.98","0.98","0.90","402.06M","-6.19%"
"05/19/2002","0.97","0.94","0.99","0.91","624.68M","1.04%"
"05/12/2002","0.96","0.86","1.02","0.84","970.88M","12.94%"
"05/05/2002","0.85","0.80","0.91","0.79","747.62M","6.25%"
"04/28/2002","0.80","0.84","0.85","0.79","650.75M","-5.88%"
"04/21/2002","0.85","0.73","0.85","0.69","1.36B","16.44%"
"04/14/2002","0.73","0.67","0.75","0.67","476.43M","8.96%"
"04/07/2002","0.67","0.65","0.73","0.63","567.69M","-1.47%"
"03/31/2002","0.68","0.71","0.75","0.66","486.28M","-4.23%"
"03/24/2002","0.71","0.77","0.79","0.69","425.39M","-8.97%"
"03/17/2002","0.78","0.71","0.78","0.71","617.31M","11.43%"
"03/10/2002","0.70","0.80","0.84","0.68","905.97M","-14.63%"
"03/03/2002","0.82","0.77","0.85","0.74","1.11B","6.49%"
"02/24/2002","0.77","0.65","0.77","0.65","770.52M","18.46%"
"02/17/2002","0.65","0.65","0.69","0.61","649.09M","-2.99%"
"02/10/2002","0.67","0.63","0.71","0.62","790.69M","6.35%"
"02/03/2002","0.63","0.65","0.65","0.55","1.11B","-8.70%"
"01/27/2002","0.69","0.74","0.79","0.66","1.53B","-4.17%"
"01/20/2002","0.72","0.64","0.77","0.59","2.57B","41.18%"
"01/13/2002","0.51","0.54","0.54","0.45","1.09B","-7.27%"
"01/06/2002","0.55","0.60","0.63","0.54","830.25M","-9.84%"
"12/30/2001","0.61","0.55","0.62","0.52","722.38M","10.91%"
"12/23/2001","0.55","0.51","0.57","0.48","911.01M","10.00%"
"12/16/2001","0.50","0.56","0.57","0.50","895.38M","-9.09%"
"12/09/2001","0.55","0.58","0.62","0.50","972.81M","-6.78%"
"12/02/2001","0.59","0.55","0.64","0.52","1.35B","3.51%"
"11/25/2001","0.57","0.49","0.62","0.49","3.27B","26.67%"
"11/18/2001","0.45","0.47","0.47","0.40","612.50M","0.00%"
"11/11/2001","0.45","0.36","0.49","0.34","1.47B","25.00%"
"11/04/2001","0.36","0.35","0.38","0.34","710.86M","5.88%"
"10/28/2001","0.34","0.38","0.38","0.32","635.28M","-10.53%"
"10/21/2001","0.38","0.40","0.48","0.36","1.17B","-5.00%"
"10/14/2001","0.40","0.41","0.50","0.38","744.86M","0.00%"
"10/07/2001","0.40","0.35","0.41","0.33","403.90M","11.11%"
"09/30/2001","0.36","0.30","0.40","0.28","623.33M","20.00%"
"09/23/2001","0.30","0.39","0.39","0.28","662.27M","-18.92%"
"09/16/2001","0.37","0.36","0.40","0.33","956.51M","-13.95%"
"09/09/2001","0.43","0.42","0.43","0.40","116.67M","0.00%"
"09/02/2001","0.43","0.45","0.46","0.34","804.91M","-4.44%"
"08/26/2001","0.45","0.50","0.51","0.43","384.03M","-11.76%"
"08/19/2001","0.51","0.51","0.54","0.48","415.11M","2.00%"
"08/12/2001","0.50","0.51","0.55","0.47","491.95M","0.00%"
"08/05/2001","0.50","0.61","0.61","0.50","476.74M","-18.03%"
"07/29/2001","0.61","0.61","0.64","0.60","440.58M","0.00%"
"07/22/2001","0.61","0.85","0.86","0.55","1.48B","-28.24%"
"07/15/2001","0.85","0.85","0.87","0.79","474.75M","0.00%"
"07/08/2001","0.85","0.77","0.85","0.74","706.69M","11.84%"
"07/01/2001","0.76","0.70","0.79","0.69","604.43M","7.04%"
"06/24/2001","0.71","0.64","0.73","0.60","625.48M","14.52%"
"06/17/2001","0.62","0.62","0.66","0.56","771.85M","0.00%"
"06/10/2001","0.62","0.78","0.78","0.61","518.28M","-21.52%"
"06/03/2001","0.79","0.87","0.90","0.77","692.18M","-7.06%"
"05/27/2001","0.85","0.86","0.88","0.78","687.15M","0.00%"
"05/20/2001","0.85","0.75","0.88","0.74","715.43M","14.86%"
"05/13/2001","0.74","0.73","0.75","0.66","628.75M","1.37%"
"05/06/2001","0.73","0.87","0.88","0.70","509.10M","-17.05%"
"04/29/2001","0.88","0.78","0.88","0.78","599.74M","15.79%"
"04/22/2001","0.76","0.82","0.87","0.73","771.76M","-3.80%"
"04/15/2001","0.79","0.72","0.91","0.68","964.52M","8.22%"
"04/08/2001","0.73","0.59","0.75","0.54","1.34B","73.81%"
"04/01/2001","0.42","0.52","0.53","0.41","601.67M","-17.65%"
"03/25/2001","0.51","0.54","0.59","0.50","481.00M","0.00%"
"03/18/2001","0.51","0.56","0.57","0.48","578.57M","-7.27%"
"03/11/2001","0.55","0.57","0.58","0.51","499.64M","-9.84%"
"03/04/2001","0.61","0.62","0.70","0.56","1.42B","22.00%"
"02/25/2001","0.50","0.60","0.61","0.48","942.70M","-15.25%"
"02/18/2001","0.59","0.68","0.68","0.55","550.82M","-13.24%"
"02/11/2001","0.68","0.71","0.75","0.67","821.81M","1.49%"
"02/04/2001","0.67","0.73","0.79","0.67","971.67M","-6.94%"
"01/28/2001","0.72","0.96","1.04","0.71","1.24B","-25.77%"
"01/21/2001","0.97","0.97","1.12","0.91","703.10M","-3.00%"
"01/14/2001","1.00","0.92","1.02","0.86","509.57M","13.64%"
"01/07/2001","0.88","0.72","0.93","0.69","1.31B","20.55%"
"12/31/2000","0.73","0.79","0.89","0.68","866.11M","-6.41%"
"12/24/2000","0.78","0.82","0.93","0.75","678.72M","0.00%"
"12/17/2000","0.78","1.04","1.06","0.74","1.39B","-31.58%"
"12/10/2000","1.14","1.14","1.38","1.09","804.55M","-2.56%"
"12/03/2000","1.17","1.26","1.38","1.01","1.01B","-4.88%"
"11/26/2000","1.23","1.49","1.54","1.14","1.00B","-15.17%"
"11/19/2000","1.45","1.30","1.46","1.11","643.04M","5.84%"
"11/12/2000","1.37","1.44","1.54","1.29","612.19M","-8.67%"
"11/05/2000","1.50","1.93","1.97","1.49","604.02M","-20.21%"
"10/29/2000","1.88","1.65","2.04","1.51","929.63M","5.62%"
"10/22/2000","1.78","1.48","1.88","1.38","1.65B","15.58%"
"10/15/2000","1.54","1.41","1.56","0.97","1.27B","8.45%"
"10/08/2000","1.42","1.51","1.64","1.18","870.98M","-10.13%"
"10/01/2000","1.58","1.91","1.92","1.51","690.73M","-17.71%"
"09/24/2000","1.92","2.06","2.13","1.77","642.52M","-7.25%"
"09/17/2000","2.07","2.17","2.23","1.86","697.61M","-5.05%"
"09/10/2000","2.18","2.13","2.30","2.05","529.95M","1.40%"
"09/03/2000","2.15","2.05","2.48","2.01","738.54M","3.37%"
"08/27/2000","2.08","1.94","2.20","1.93","691.65M","4.00%"
"08/20/2000","2.00","1.95","2.02","1.75","393.91M","2.56%"
"08/13/2000","1.95","1.68","2.01","1.63","737.86M","16.07%"
"08/06/2000","1.68","1.60","1.71","1.49","670.35M","3.70%"
"07/30/2000","1.62","1.50","1.71","1.39","652.07M","8.00%"
"07/23/2000","1.50","2.05","2.07","1.45","1.70B","-27.18%"
"07/16/2000","2.06","2.14","2.20","1.95","617.81M","-2.83%"
"07/09/2000","2.12","1.82","2.16","1.63","1.13B","17.13%"
"07/02/2000","1.81","1.83","1.93","1.74","332.27M","-0.55%"
"06/25/2000","1.82","1.77","2.00","1.64","1.38B","7.69%"
"06/18/2000","1.69","2.27","2.43","1.62","1.55B","-26.52%"
"06/11/2000","2.30","2.61","2.61","2.27","408.41M","-11.88%"
"06/04/2000","2.61","2.75","2.81","2.51","409.40M","-9.69%"
"05/28/2000","2.89","2.37","2.91","2.32","568.80M","24.03%"
"05/21/2000","2.33","2.65","2.66","2.02","686.37M","-11.41%"
"05/14/2000","2.63","2.68","3.12","2.54","537.88M","-2.23%"
"05/07/2000","2.69","2.84","2.96","2.45","535.27M","-7.88%"
"04/30/2000","2.92","2.80","3.02","2.65","604.37M","5.80%"
"04/23/2000","2.76","2.47","2.87","2.24","879.00M","5.34%"
"04/16/2000","2.62","2.26","2.81","2.23","664.34M","11.97%"
"04/09/2000","2.34","3.36","3.42","2.04","973.64M","-30.77%"
"04/02/2000","3.38","3.27","3.43","2.79","723.38M","0.90%"
"03/26/2000","3.35","3.61","3.76","3.15","519.65M","-7.71%"
"03/19/2000","3.63","3.17","3.76","3.11","993.02M","12.04%"
"03/12/2000","3.24","3.20","3.35","3.00","630.48M","-2.99%"
"03/05/2000","3.34","3.14","3.45","3.03","596.23M","7.05%"
"02/27/2000","3.12","3.33","3.45","3.10","636.45M","-9.83%"
"02/20/2000","3.46","3.25","3.59","3.15","497.36M","6.79%"
"02/13/2000","3.24","3.78","3.81","3.19","614.21M","-14.96%"
"02/06/2000","3.81","3.81","4.20","3.66","1.15B","-3.05%"
"01/30/2000","3.93","3.02","4.30","2.92","1.86B","27.60%"
"01/23/2000","3.08","3.38","3.67","3.00","1.31B","-0.65%"
"01/16/2000","3.10","3.17","3.38","3.00","621.41M","-3.43%"
"01/09/2000","3.21","3.63","3.63","3.15","1.07B","-7.76%"
"01/02/2000","3.48","4.08","4.58","3.20","2.03B","-8.66%"
"12/26/1999","3.81","4.39","4.41","3.80","985.37M","-15.33%"
"12/19/1999","4.50","4.89","5.10","4.45","778.01M","-4.26%"
"12/12/1999","4.70","5.33","5.33","4.55","837.11M","-11.82%"
"12/05/1999","5.33","4.34","5.65","4.22","1.70B","23.09%"
"11/28/1999","4.33","4.78","4.84","4.10","1.26B","-7.08%"
"11/21/1999","4.66","3.89","4.76","3.80","1.10B","19.49%"
"11/14/1999","3.90","3.78","4.00","3.67","798.08M","4.00%"
"11/07/1999","3.75","3.24","4.15","3.17","1.80B","15.38%"
"10/31/1999","3.25","3.40","3.59","3.05","1.29B","-7.93%"
"10/24/1999","3.53","3.95","4.22","3.29","1.46B","-10.18%"
"10/17/1999","3.93","3.75","4.18","3.55","851.50M","4.80%"
"10/10/1999","3.75","4.46","4.47","3.70","1.01B","-15.92%"
"10/03/1999","4.46","3.97","4.50","3.74","1.56B","15.54%"
"09/26/1999","3.86","3.31","4.25","3.06","3.02B","18.77%"
"09/19/1999","3.25","3.18","3.44","3.03","992.73M","1.88%"
"09/12/1999","3.19","3.28","3.40","3.12","772.92M","-4.20%"
"09/05/1999","3.33","3.19","3.40","3.05","751.85M","6.73%"
"08/29/1999","3.12","3.19","3.25","2.80","2.13B","-2.80%"
"08/22/1999","3.21","2.90","3.39","2.89","1.95B","13.03%"
"08/15/1999","2.84","2.46","2.94","2.39","1.95B","16.39%"
"08/08/1999","2.44","2.29","2.44","2.05","1.72B","8.93%"
"08/01/1999","2.24","2.46","2.55","2.05","2.55B","-10.40%"
"07/25/1999","2.50","2.76","2.89","2.44","2.22B","-12.59%"
"07/18/1999","2.86","3.40","3.42","2.58","2.63B","-16.86%"
"07/11/1999","3.44","3.12","3.56","2.88","1.67B","9.55%"
"07/04/1999","3.14","3.20","3.33","3.00","821.61M","1.29%"
"06/27/1999","3.10","2.77","3.23","2.56","1.42B","12.73%"
"06/20/1999","2.75","2.84","3.24","2.70","1.35B","-1.08%"
"06/13/1999","2.78","2.60","2.98","2.24","1.76B","4.91%"
"06/06/1999","2.65","2.71","3.03","2.62","1.32B","-2.21%"
"05/30/1999","2.71","2.79","2.88","2.43","1.88B","-8.75%"
"05/23/1999","2.97","3.22","3.23","2.61","1.48B","-7.48%"
"05/16/1999","3.21","3.25","3.49","3.04","1.22B","-3.02%"
"05/09/1999","3.31","3.42","3.85","3.25","1.17B","-2.93%"
"05/02/1999","3.41","4.17","4.18","3.27","2.21B","-20.70%"
"04/25/1999","4.30","5.22","5.53","4.12","2.23B","-18.10%"
"04/18/1999","5.25","4.72","5.41","3.84","2.07B","10.53%"
"04/11/1999","4.75","4.40","4.80","3.77","1.49B","3.94%"
"04/04/1999","4.57","4.32","4.89","4.15","1.24B","6.78%"
"03/28/1999","4.28","3.75","4.50","3.70","1.57B","22.99%"
"03/21/1999","3.48","3.33","3.69","2.85","1.41B","2.96%"
"03/14/1999","3.38","3.33","3.58","3.21","908.96M","1.50%"
"03/07/1999","3.33","3.04","3.57","2.98","1.33B","9.54%"
"02/28/1999","3.04","3.17","3.40","2.90","1.63B","-5.00%"
"02/21/1999","3.20","2.54","3.25","2.45","2.55B","25.49%"
"02/14/1999","2.55","2.67","2.71","2.11","1.32B","-2.30%"
"02/07/1999","2.61","2.86","2.88","2.38","1.20B","-10.00%"
"01/31/1999","2.90","2.94","3.17","2.71","1.30B","-0.68%"
"01/24/1999","2.92","3.04","3.49","2.75","2.54B","-5.19%"
"01/17/1999","3.08","3.76","3.76","2.31","2.66B","-12.25%"
"01/10/1999","3.51","4.60","4.62","3.12","2.69B","-12.47%"
"01/03/1999","4.01","2.73","4.98","2.66","5.05B","49.63%"
"12/27/1998","2.68","2.76","3.02","2.53","2.11B","-1.11%"
"12/20/1998","2.71","2.53","2.75","2.50","1.70B","13.39%"
"12/13/1998","2.39","1.84","2.51","1.82","5.38B","28.49%"
"12/06/1998","1.86","1.61","1.87","1.54","2.87B","18.47%"
"11/29/1998","1.57","1.83","1.84","1.52","3.01B","-13.26%"
"11/22/1998","1.81","1.59","1.94","1.55","3.73B","19.87%"
"11/15/1998","1.51","1.07","1.51","1.03","4.76B","42.45%"
"11/08/1998","1.06","1.02","1.17","1.01","1.87B","1.92%"
"11/01/1998","1.04","1.07","1.11","1.03","2.08B","-0.95%"
"10/25/1998","1.05","0.99","1.08","0.95","2.27B","8.25%"
"10/18/1998","0.97","0.82","0.99","0.82","1.78B","16.87%"
"10/11/1998","0.83","0.81","0.85","0.75","1.73B","9.21%"
"10/04/1998","0.76","0.91","0.94","0.67","2.93B","-17.39%"
"09/27/1998","0.92","0.97","1.00","0.83","3.51B","1.10%"
"09/20/1998","0.91","0.63","0.97","0.63","3.75B","37.88%"
"09/13/1998","0.66","0.67","0.72","0.59","2.61B","4.76%"
"09/06/1998","0.63","0.78","0.79","0.61","1.91B","-12.50%"
"08/30/1998","0.72","0.88","0.90","0.54","3.98B","-18.18%"
"08/23/1998","0.88","1.09","1.15","0.86","2.00B","-18.52%"
"08/16/1998","1.08","1.01","1.11","0.99","1.66B","5.88%"
"08/09/1998","1.02","0.97","1.12","0.96","2.22B","5.15%"
"08/02/1998","0.97","0.91","0.99","0.83","2.12B","5.43%"
"07/26/1998","0.92","0.99","1.06","0.88","2.29B","-11.54%"
"07/19/1998","1.04","1.01","1.22","0.97","3.36B","4.00%"
"07/12/1998","1.00","0.80","1.00","0.79","1.88B","20.48%"
"07/05/1998","0.83","1.06","1.20","0.82","4.14B","-19.42%"
"06/28/1998","1.03","0.79","1.05","0.79","2.54B","30.38%"
"06/21/1998","0.79","0.62","0.87","0.60","4.36B","25.40%"
"06/14/1998","0.63","0.50","0.69","0.49","3.63B","23.53%"
"06/07/1998","0.51","0.37","0.53","0.36","2.13B","37.84%"
"05/31/1998","0.37","0.37","0.38","0.34","624.98M","0.00%"
"05/24/1998","0.37","0.36","0.37","0.33","1.04B","2.78%"
"05/17/1998","0.36","0.37","0.38","0.36","467.11M","-2.70%"
"05/10/1998","0.37","0.39","0.39","0.36","1.00B","-2.63%"
"05/03/1998","0.38","0.40","0.40","0.37","797.06M","-2.56%"
"04/26/1998","0.39","0.35","0.41","0.32","2.98B","11.43%"
"04/19/1998","0.35","0.40","0.41","0.34","1.15B","-12.50%"
"04/12/1998","0.40","0.40","0.42","0.38","1.24B","0.00%"
"04/05/1998","0.40","0.39","0.40","0.35","1.00B","2.56%"
"03/29/1998","0.39","0.36","0.40","0.35","1.10B","11.43%"
"03/22/1998","0.35","0.35","0.36","0.33","709.99M","0.00%"
"03/15/1998","0.35","0.33","0.36","0.32","772.01M","6.06%"
"03/08/1998","0.33","0.32","0.37","0.32","1.53B","3.13%"
"03/01/1998","0.32","0.32","0.33","0.29","883.51M","0.00%"
"02/22/1998","0.32","0.26","0.33","0.26","1.29B","23.08%"
"02/15/1998","0.26","0.26","0.26","0.25","249.74M","0.00%"
"02/08/1998","0.26","0.25","0.27","0.24","657.07M","4.00%"
"02/01/1998","0.25","0.25","0.26","0.24","410.64M","0.00%"
"01/25/1998","0.25","0.25","0.25","0.23","453.36M","0.00%"
"01/18/1998","0.25","0.24","0.27","0.24","655.92M","4.17%"
"01/11/1998","0.24","0.21","0.25","0.21","636.12M","14.29%"
"01/04/1998","0.21","0.24","0.25","0.21","463.22M","-16.00%"
"12/28/1997","0.25","0.23","0.25","0.23","298.90M","8.70%"
"12/21/1997","0.23","0.22","0.24","0.22","167.06M","4.55%"
"12/14/1997","0.22","0.23","0.23","0.21","349.58M","-4.35%"
"12/07/1997","0.23","0.23","0.24","0.22","304.61M","0.00%"
"11/30/1997","0.23","0.21","0.23","0.21","212.71M","9.52%"
"11/23/1997","0.21","0.22","0.22","0.20","171.17M","-4.55%"
"11/16/1997","0.22","0.21","0.23","0.21","406.42M","4.76%"
"11/09/1997","0.21","0.22","0.23","0.18","518.40M","-4.55%"
"11/02/1997","0.22","0.26","0.26","0.22","259.97M","-12.00%"
"10/26/1997","0.25","0.24","0.27","0.19","694.68M","0.00%"
"10/19/1997","0.25","0.18","0.25","0.18","747.31M","38.89%"
"10/12/1997","0.18","0.20","0.21","0.18","214.66M","-10.00%"
"10/05/1997","0.20","0.20","0.21","0.18","286.30M","0.00%"
"09/28/1997","0.20","0.21","0.22","0.19","313.32M","-4.76%"
"09/21/1997","0.21","0.20","0.24","0.20","810.50M","5.00%"
"09/14/1997","0.20","0.18","0.20","0.15","513.53M","11.11%"
"09/07/1997","0.18","0.13","0.18","0.12","521.64M","50.00%"
"08/31/1997","0.12","0.12","0.13","0.12","159.05M","0.00%"
"08/24/1997","0.12","0.11","0.12","0.11","139.97M","9.09%"
"08/17/1997","0.11","0.10","0.11","0.10","102.38M","0.00%"
"08/10/1997","0.11","0.11","0.12","0.10","100.80M","0.00%"
"08/03/1997","0.11","0.12","0.12","0.11","223.82M","-8.33%"
"07/27/1997","0.12","0.11","0.13","0.11","298.97M","9.09%"
"07/20/1997","0.11","0.11","0.12","0.10","144.70M","0.00%"
"07/13/1997","0.11","0.12","0.12","0.11","416.83M","0.00%"
"07/06/1997","0.11","0.09","0.13","0.09","1.03B","10.00%"
"06/29/1997","0.10","0.08","0.10","0.07","409.97M","42.86%"
"06/22/1997","0.07","0.08","0.08","0.07","165.65M","-12.50%"
"06/15/1997","0.08","0.08","0.08","0.07","249.50M","0.00%"
"06/08/1997","0.08","0.08","0.09","0.08","226.49M","0.00%"
"06/01/1997","0.08","0.08","0.09","0.07","366.70M","14.29%"
"05/25/1997","0.07","0.08","0.08","0.07","386.78M","0.00%"
"05/18/1997","0.07","0.09","0.09","0.07","1.16B","-22.22%"