,timestamp,open,high,low,close,volume,marketCap
0,2023-12-31,101.90000000,102.93000000,101.28000000,101.37000000,189713.06000000,189713.06000000
1,2023-12-30,106.17000000,107.47000000,100.62000000,101.90000000,4178339.62000000,4178339.62000000
2,2023-12-29,101.80000000,110.00000000,99.00000000,106.17000000,9432538.67000000,9432538.67000000
3,2023-12-28,106.92000000,109.66000000,97.14000000,101.80000000,10194201.02000000,10194201.02000000
4,2023-12-27,112.48000000,115.30000000,104.58000000,106.91000000,8972638.90000000,8972638.90000000
5,2023-12-26,120.91000000,121.36000000,102.09000000,112.49000000,12300095.38000000,12300095.38000000
6,2023-12-25,112.45000000,126.36000000,107.92000000,120.91000000,11114497.92000000,11114497.92000000
7,2023-12-24,107.88000000,118.10000000,107.30000000,112.45000000,12261699.03000000,12261699.03000000
8,2023-12-23,97.91000000,110.00000000,92.80000000,107.88000000,8336420.60000000,8336420.60000000
9,2023-12-22,93.86000000,99.50000000,90.34000000,97.90000000,11975121.56000000,11975121.56000000
10,2023-12-21,82.22000000,95.54000000,81.03000000,93.84000000,12129644.35000000,12129644.35000000
11,2023-12-20,73.00000000,84.14000000,72.96000000,82.21000000,10701294.29000000,10701294.29000000
12,2023-12-19,74.41000000,76.37000000,71.78000000,73.00000000,6086806.16000000,6086806.16000000
13,2023-12-18,70.85000000,75.46000000,67.00000000,74.42000000,7219822.33000000,7219822.33000000
14,2023-12-17,73.71000000,75.05000000,70.36000000,70.87000000,5108641.26000000,5108641.26000000
15,2023-12-16,72.51000000,77.22000000,71.18000000,73.72000000,5513079.61000000,5513079.61000000
16,2023-12-15,75.68000000,79.50000000,72.13000000,72.51000000,8834567.44000000,8834567.44000000
17,2023-12-14,70.62000000,76.24000000,68.18000000,75.68000000,7493589.41000000,7493589.41000000
18,2023-12-13,68.60000000,72.60000000,63.67000000,70.62000000,8271925.44000000,8271925.44000000
19,2023-12-12,70.24000000,72.42000000,65.75000000,68.60000000,7763463.64000000,7763463.64000000
20,2023-12-11,74.88000000,75.00000000,64.18000000,70.25000000,12970688.47000000,12970688.47000000
21,2023-12-10,72.31000000,74.89000000,70.67000000,74.87000000,5886808.01000000,5886808.01000000
22,2023-12-09,74.93000000,77.78000000,71.50000000,72.30000000,8809964.30000000,8809964.30000000
23,2023-12-08,67.74000000,75.30000000,67.74000000,74.94000000,11314830.34800000,11314830.34800000
24,2023-12-07,61.85000000,69.37000000,61.64000000,67.74000000,10648583.32000000,10648583.32000000
25,2023-12-06,61.04000000,66.68000000,61.03000000,61.85000000,11121135.68000000,11121135.68000000
26,2023-12-05,61.63000000,62.60000000,59.11000000,61.03000000,6032438.26000000,6032438.26000000
27,2023-12-04,62.99000000,65.25000000,59.75000000,61.64000000,7696216.19000000,7696216.19000000
28,2023-12-03,63.66000000,65.53000000,62.22000000,62.98000000,4675198.65000000,4675198.65000000
29,2023-12-02,59.74000000,63.90000000,59.67000000,63.66000000,4898503.76000000,4898503.76000000
30,2023-12-01,59.30000000,61.90000000,58.60000000,59.75000000,5422494.06000000,5422494.06000000
31,2023-11-30,59.31000000,61.70000000,58.75000000,59.30000000,4597104.01000000,4597104.01000000
32,2023-11-29,58.18000000,61.78000000,57.72000000,59.31000000,7574392.84000000,7574392.84000000
33,2023-11-28,55.06000000,58.65000000,53.94000000,58.18000000,5642915.95000000,5642915.95000000
34,2023-11-27,57.57000000,58.09000000,53.47000000,55.06000000,4618869.60000000,4618869.60000000
35,2023-11-26,58.81000000,59.04000000,56.12000000,57.57000000,3097837.47000000,3097837.47000000
36,2023-11-25,56.86000000,59.82000000,55.70000000,58.82000000,4095129.28000000,4095129.28000000
37,2023-11-24,56.52000000,58.79000000,56.20000000,56.86000000,3905651.92000000,3905651.92000000
38,2023-11-23,57.55000000,59.63000000,56.14000000,56.51000000,4925635.15000000,4925635.15000000
39,2023-11-22,51.65000000,58.94000000,51.43000000,57.56000000,7891464.65000000,7891464.65000000
40,2023-11-21,56.57000000,57.40000000,51.23000000,51.65000000,10741088.90000000,10741088.90000000
41,2023-11-20,61.10000000,61.33000000,56.00000000,56.57000000,7127562.28000000,7127562.28000000
42,2023-11-19,58.56000000,62.10000000,56.61000000,61.10000000,7009650.09000000,7009650.09000000
43,2023-11-18,58.52000000,59.37000000,54.70000000,58.56000000,7374946.50000000,7374946.50000000
44,2023-11-17,57.81000000,60.57000000,54.10000000,58.51000000,11968303.78000000,11968303.78000000
45,2023-11-16,65.43000000,68.20000000,56.31000000,57.80000000,13868327.04000000,13868327.04000000
46,2023-11-15,56.81000000,67.12000000,56.15000000,65.43000000,12800109.28000000,12800109.28000000
47,2023-11-14,51.60000000,57.99000000,51.12000000,56.81000000,12213778.24000000,12213778.24000000
48,2023-11-13,56.27000000,59.86000000,51.28000000,51.60000000,11066863.24000000,11066863.24000000
49,2023-11-12,56.36000000,61.86000000,54.50000000,56.28000000,10246085.39000000,10246085.39000000
50,2023-11-11,56.67000000,63.95000000,53.55000000,56.34000000,13790858.30000000,13790858.30000000
51,2023-11-10,45.30000000,57.54000000,45.05000000,56.67000000,14708555.35000000,14708555.35000000
52,2023-11-09,43.12000000,48.88000000,41.36000000,45.29000000,12546941.33000000,12546941.33000000
53,2023-11-08,42.93000000,43.88000000,42.25000000,43.13000000,4580371.01000000,4580371.01000000
54,2023-11-07,42.16000000,44.78000000,40.08000000,42.93000000,8826660.47000000,8826660.47000000
55,2023-11-06,41.16000000,42.20000000,39.66000000,42.16000000,4866558.59000000,4866558.59000000
56,2023-11-05,42.41000000,42.85000000,40.10000000,41.15000000,4117962.39000000,4117962.39000000
57,2023-11-04,39.45000000,42.72000000,39.00000000,42.41000000,7452581.71000000,7452581.71000000
58,2023-11-03,40.24000000,40.26000000,37.98000000,39.45000000,10290073.48000000,10290073.48000000
59,2023-11-02,41.16000000,44.57000000,38.65000000,40.23000000,14743830.91000000,14743830.91000000
60,2023-11-01,38.41000000,46.90000000,37.81000000,41.15000000,19486359.98000000,19486359.98000000
61,2023-10-31,34.94000000,38.62000000,34.82000000,38.40000000,9267665.69000000,9267665.69000000
62,2023-10-30,32.83000000,35.35000000,32.28000000,34.94000000,7627255.13000000,7627255.13000000
63,2023-10-29,31.62000000,33.19000000,31.27000000,32.83000000,3483834.90000000,3483834.90000000
64,2023-10-28,31.73000000,32.51000000,31.35000000,31.63000000,2594478.41000000,2594478.41000000
65,2023-10-27,32.78000000,33.35000000,31.20000000,31.73000000,6273331.35000000,6273331.35000000
66,2023-10-26,32.43000000,33.28000000,30.73000000,32.77000000,6940180.71000000,6940180.71000000
67,2023-10-25,30.18000000,33.90000000,30.00000000,32.44000000,10582632.89000000,10582632.89000000
68,2023-10-24,31.88000000,32.61000000,29.50000000,30.17000000,11152278.09000000,11152278.09000000
69,2023-10-23,29.06000000,32.81000000,28.74000000,31.88000000,12178546.11000000,12178546.11000000
70,2023-10-22,29.33000000,30.01000000,28.09000000,29.05000000,5567480.03000000,5567480.03000000
71,2023-10-21,27.02000000,30.31000000,26.65000000,29.32000000,9576358.72000000,9576358.72000000
72,2023-10-20,24.92000000,27.50000000,24.73000000,27.03000000,7266627.01000000,7266627.01000000
73,2023-10-19,23.41000000,25.77000000,23.11000000,24.93000000,5889168.99000000,5889168.99000000
74,2023-10-18,23.94000000,24.43000000,23.36000000,23.42000000,2982409.96000000,2982409.96000000
75,2023-10-17,23.95000000,24.56000000,23.46000000,23.93000000,4456015.31000000,4456015.31000000
76,2023-10-16,21.93000000,24.75000000,21.89000000,23.95000000,6973642.82000000,6973642.82000000
77,2023-10-15,22.00000000,22.17000000,21.66000000,21.93000000,1455965.78000000,1455965.78000000
78,2023-10-14,21.85000000,22.31000000,21.80000000,22.00000000,1303774.54000000,1303774.54000000
79,2023-10-13,21.29000000,22.23000000,21.11000000,21.84000000,2403623.09000000,2403623.09000000
80,2023-10-12,22.01000000,22.05000000,20.93000000,21.28000000,2921129.02000000,2921129.02000000
81,2023-10-11,22.11000000,22.43000000,21.62000000,22.01000000,2734211.94000000,2734211.94000000
82,2023-10-10,22.09000000,22.48000000,21.69000000,22.11000000,2334716.24000000,2334716.24000000
83,2023-10-09,23.21000000,23.37000000,21.59000000,22.10000000,4186290.48000000,4186290.48000000
84,2023-10-08,23.29000000,23.64000000,23.06000000,23.22000000,1934466.13000000,1934466.13000000
85,2023-10-07,23.41000000,24.21000000,23.08000000,23.30000000,2949841.72000000,2949841.72000000
86,2023-10-06,22.70000000,23.76000000,22.66000000,23.41000000,4366362.12000000,4366362.12000000
87,2023-10-05,23.13000000,23.76000000,22.53000000,22.70000000,3287722.78000000,3287722.78000000
88,2023-10-04,23.61000000,23.86000000,22.58000000,23.13000000,3945261.33000000,3945261.33000000
89,2023-10-03,23.38000000,24.77000000,23.21000000,23.60000000,5894722.26000000,5894722.26000000
90,2023-10-02,23.88000000,24.80000000,22.90000000,23.37000000,6313085.51000000,6313085.51000000
91,2023-10-01,21.37000000,24.50000000,21.13000000,23.87000000,6416328.50000000,6416328.50000000
92,2023-09-30,20.28000000,21.81000000,20.07000000,21.37000000,3565357.52000000,3565357.52000000
93,2023-09-29,19.97000000,20.46000000,19.85000000,20.28000000,2724984.42000000,2724984.42000000
94,2023-09-28,19.13000000,19.98000000,19.10000000,19.96000000,2804835.46000000,2804835.46000000
95,2023-09-27,19.03000000,19.48000000,18.73000000,19.14000000,2446438.20000000,2446438.20000000
96,2023-09-26,19.39000000,19.53000000,18.84000000,19.03000000,1977195.60000000,1977195.60000000
97,2023-09-25,19.36000000,19.74000000,19.07000000,19.39000000,1702995.14000000,1702995.14000000
98,2023-09-24,19.48000000,19.68000000,19.20000000,19.36000000,1091026.97000000,1091026.97000000
99,2023-09-23,19.42000000,19.57000000,19.29000000,19.49000000,897913.00000000,897913.00000000
100,2023-09-22,19.45000000,19.81000000,19.15000000,19.43000000,1857771.33000000,1857771.33000000
101,2023-09-21,20.29000000,20.29000000,19.29000000,19.46000000,2959370.24000000,2959370.24000000
102,2023-09-20,20.02000000,20.54000000,19.80000000,20.29000000,2588399.20000000,2588399.20000000
103,2023-09-19,19.65000000,20.42000000,19.58000000,20.03000000,3110481.29000000,3110481.29000000
104,2023-09-18,18.81000000,20.15000000,18.58000000,19.64000000,3731851.86000000,3731851.86000000
105,2023-09-17,19.12000000,19.14000000,18.63000000,18.81000000,1073239.72000000,1073239.72000000
106,2023-09-16,19.15000000,19.46000000,18.86000000,19.12000000,1416418.73000000,1416418.73000000
107,2023-09-15,18.85000000,19.50000000,18.55000000,19.14000000,2087888.26000000,2087888.26000000
108,2023-09-14,18.40000000,19.33000000,18.38000000,18.85000000,4397747.38000000,4397747.38000000
109,2023-09-13,17.91000000,18.56000000,17.69000000,18.40000000,4063710.36000000,4063710.36000000
110,2023-09-12,17.72000000,18.80000000,17.57000000,17.92000000,4818249.11000000,4818249.11000000
111,2023-09-11,18.23000000,18.46000000,17.33000000,17.72000000,4755172.77000000,4755172.77000000
112,2023-09-10,19.43000000,19.44000000,17.78000000,18.24000000,5630975.71000000,5630975.71000000
113,2023-09-09,19.60000000,19.61000000,19.38000000,19.44000000,646379.52000000,646379.52000000
114,2023-09-08,19.92000000,20.28000000,19.37000000,19.61000000,1972054.86000000,1972054.86000000
115,2023-09-07,19.63000000,20.00000000,19.32000000,19.92000000,2375627.15000000,2375627.15000000
116,2023-09-06,20.26000000,20.39000000,19.14000000,19.64000000,3429947.48000000,3429947.48000000
117,2023-09-05,19.52000000,20.60000000,19.03000000,20.26000000,4197171.75000000,4197171.75000000
118,2023-09-04,19.57000000,20.05000000,19.15000000,19.52000000,2206040.45000000,2206040.45000000
119,2023-09-03,19.50000000,19.67000000,19.23000000,19.57000000,1032117.62000000,1032117.62000000
120,2023-09-02,19.33000000,19.69000000,19.13000000,19.50000000,1419243.59000000,1419243.59000000
121,2023-09-01,19.74000000,19.93000000,19.02000000,19.33000000,2517375.38000000,2517375.38000000
122,2023-08-31,20.82000000,21.07000000,19.43000000,19.74000000,3342646.88000000,3342646.88000000
123,2023-08-30,21.79000000,21.99000000,20.60000000,20.82000000,2462706.77000000,2462706.77000000
124,2023-08-29,20.57000000,22.05000000,20.12000000,21.79000000,5271801.95000000,5271801.95000000
125,2023-08-28,20.79000000,20.80000000,20.03000000,20.56000000,1622343.78000000,1622343.78000000
126,2023-08-27,20.28000000,20.92000000,20.24000000,20.79000000,1103526.81000000,1103526.81000000
127,2023-08-26,20.42000000,20.44000000,20.19000000,20.29000000,743690.27000000,743690.27000000
128,2023-08-25,21.05000000,21.06000000,20.09000000,20.42000000,2321828.30000000,2321828.30000000
129,2023-08-24,21.74000000,22.02000000,20.67000000,21.06000000,2719332.54000000,2719332.54000000
130,2023-08-23,20.59000000,21.82000000,20.33000000,21.74000000,3704350.50000000,3704350.50000000
131,2023-08-22,21.20000000,21.26000000,19.35000000,20.59000000,3635900.71000000,3635900.71000000
132,2023-08-21,21.78000000,21.79000000,20.30000000,21.20000000,2646392.48000000,2646392.48000000
133,2023-08-20,21.89000000,22.04000000,21.57000000,21.77000000,1053613.37000000,1053613.37000000
134,2023-08-19,21.34000000,22.18000000,21.29000000,21.90000000,1694233.32000000,1694233.32000000
135,2023-08-18,21.67000000,22.20000000,20.90000000,21.34000000,3890112.81000000,3890112.81000000
136,2023-08-17,22.82000000,23.43000000,20.00000000,21.66000000,6294552.09000000,6294552.09000000
137,2023-08-16,23.91000000,24.03000000,22.36000000,22.82000000,4333224.40000000,4333224.40000000
138,2023-08-15,25.19000000,25.42000000,23.74000000,23.90000000,3856498.57000000,3856498.57000000
139,2023-08-14,24.22000000,25.30000000,24.06000000,25.18000000,2935003.90000000,2935003.90000000
140,2023-08-13,24.91000000,24.95000000,24.21000000,24.23000000,2013530.94000000,2013530.94000000
141,2023-08-12,24.63000000,25.24000000,24.40000000,24.91000000,1814019.36000000,1814019.36000000
142,2023-08-11,24.63000000,24.93000000,24.34000000,24.62000000,2415119.74000000,2415119.74000000
143,2023-08-10,24.39000000,24.89000000,24.13000000,24.62000000,2556841.66000000,2556841.66000000
144,2023-08-09,24.22000000,24.99000000,24.10000000,24.38000000,3857674.95000000,3857674.95000000
145,2023-08-08,23.11000000,24.79000000,23.02000000,24.22000000,4652753.86000000,4652753.86000000
146,2023-08-07,23.20000000,23.67000000,22.27000000,23.12000000,3303008.90000000,3303008.90000000
147,2023-08-06,22.66000000,23.48000000,22.58000000,23.20000000,2662470.70000000,2662470.70000000
148,2023-08-05,22.80000000,22.94000000,22.23000000,22.65000000,1781301.39000000,1781301.39000000
149,2023-08-04,22.65000000,23.57000000,22.48000000,22.80000000,3225053.92000000,3225053.92000000
150,2023-08-03,23.14000000,23.38000000,22.44000000,22.65000000,2981853.02000000,2981853.02000000
151,2023-08-02,24.06000000,24.29000000,22.82000000,23.15000000,3308680.67000000,3308680.67000000
152,2023-08-01,23.72000000,24.07000000,22.84000000,24.05000000,3598080.21000000,3598080.21000000
153,2023-07-31,24.25000000,24.79000000,23.52000000,23.73000000,3167365.08000000,3167365.08000000
154,2023-07-30,25.17000000,25.21000000,23.47000000,24.25000000,2774658.63000000,2774658.63000000
155,2023-07-29,24.82000000,25.39000000,24.75000000,25.17000000,1768964.07000000,1768964.07000000
156,2023-07-28,25.10000000,25.56000000,24.54000000,24.82000000,2736684.18000000,2736684.18000000
157,2023-07-27,25.18000000,25.65000000,24.66000000,25.10000000,4207657.06000000,4207657.06000000
158,2023-07-26,23.28000000,25.68000000,23.17000000,25.17000000,6033716.58000000,6033716.58000000
159,2023-07-25,23.36000000,23.60000000,22.73000000,23.27000000,2522195.44000000,2522195.44000000
160,2023-07-24,24.76000000,24.83000000,22.89000000,23.37000000,4042066.22000000,4042066.22000000
161,2023-07-23,24.52000000,25.26000000,24.15000000,24.76000000,2341589.79000000,2341589.79000000
162,2023-07-22,25.51000000,25.97000000,24.00000000,24.52000000,2382898.21000000,2382898.21000000
163,2023-07-21,25.38000000,26.00000000,25.06000000,25.50000000,3295444.38000000,3295444.38000000
164,2023-07-20,26.31000000,27.38000000,25.03000000,25.38000000,4977278.58000000,4977278.58000000
165,2023-07-19,25.54000000,26.99000000,25.35000000,26.31000000,4966905.24000000,4966905.24000000
166,2023-07-18,26.80000000,27.09000000,24.76000000,25.54000000,6327315.88000000,6327315.88000000
167,2023-07-17,27.41000000,28.49000000,25.55000000,26.80000000,8662837.64000000,8662837.64000000
168,2023-07-16,27.47000000,28.70000000,26.46000000,27.42000000,6708916.61000000,6708916.61000000
169,2023-07-15,26.67000000,29.12000000,26.45000000,27.46000000,11042658.65000000,11042658.65000000
170,2023-07-14,26.01000000,32.13000000,25.23000000,26.67000000,19571913.81000000,19571913.81000000
171,2023-07-13,21.93000000,26.82000000,21.42000000,26.01000000,16102139.02000000,16102139.02000000
172,2023-07-12,22.06000000,22.80000000,21.74000000,21.94000000,6086113.95000000,6086113.95000000
173,2023-07-11,21.30000000,22.37000000,21.20000000,22.07000000,4616810.71000000,4616810.71000000
174,2023-07-10,21.32000000,21.81000000,20.47000000,21.30000000,5671089.94000000,5671089.94000000
175,2023-07-09,21.82000000,22.38000000,20.99000000,21.32000000,3867361.76000000,3867361.76000000
176,2023-07-08,21.51000000,22.50000000,21.32000000,21.81000000,6473021.26000000,6473021.26000000
177,2023-07-07,19.61000000,21.90000000,19.26000000,21.50000000,9794096.48000000,9794096.48000000
178,2023-07-06,18.99000000,21.00000000,18.82000000,19.61000000,9598016.99000000,9598016.99000000
179,2023-07-05,19.14000000,19.53000000,18.32000000,19.00000000,2415908.51000000,2415908.51000000
180,2023-07-04,19.25000000,19.94000000,19.06000000,19.13000000,3096292.18000000,3096292.18000000
181,2023-07-03,19.46000000,19.66000000,18.87000000,19.26000000,3065186.84000000,3065186.84000000
182,2023-07-02,18.70000000,19.74000000,18.53000000,19.45000000,4872775.08000000,4872775.08000000
183,2023-07-01,18.85000000,19.00000000,17.90000000,18.70000000,3515091.93000000,3515091.93000000
184,2023-06-30,18.00000000,20.03000000,17.01000000,18.86000000,11454016.49000000,11454016.49000000
185,2023-06-29,15.98000000,18.28000000,15.87000000,17.99000000,7948251.73000000,7948251.73000000
186,2023-06-28,16.63000000,16.65000000,15.60000000,15.97000000,4040252.29000000,4040252.29000000
187,2023-06-27,16.27000000,16.93000000,16.13000000,16.63000000,2951107.45000000,2951107.45000000
188,2023-06-26,16.96000000,17.12000000,15.89000000,16.27000000,3056592.40000000,3056592.40000000
189,2023-06-25,16.64000000,17.38000000,16.57000000,16.96000000,2723041.25000000,2723041.25000000
190,2023-06-24,17.14000000,17.53000000,16.37000000,16.64000000,2908701.89000000,2908701.89000000
191,2023-06-23,16.62000000,17.53000000,16.16000000,17.13000000,4851596.52000000,4851596.52000000
192,2023-06-22,17.23000000,17.75000000,16.57000000,16.62000000,3547312.43000000,3547312.43000000
193,2023-06-21,16.65000000,17.40000000,16.54000000,17.23000000,4146918.99000000,4146918.99000000
194,2023-06-20,16.10000000,16.69000000,15.73000000,16.64000000,3005581.72000000,3005581.72000000
195,2023-06-19,15.45000000,16.14000000,15.34000000,16.10000000,1890318.27000000,1890318.27000000
196,2023-06-18,15.65000000,15.84000000,15.28000000,15.45000000,1603688.44000000,1603688.44000000
197,2023-06-17,15.32000000,16.12000000,15.16000000,15.64000000,2500321.40000000,2500321.40000000
198,2023-06-16,14.78000000,15.47000000,14.38000000,15.31000000,2809890.09000000,2809890.09000000
199,2023-06-15,14.49000000,15.08000000,14.18000000,14.77000000,4700648.85000000,4700648.85000000
200,2023-06-14,15.03000000,15.37000000,14.06000000,14.48000000,3978891.53000000,3978891.53000000
201,2023-06-13,15.19000000,16.00000000,14.76000000,15.04000000,4814274.27000000,4814274.27000000
202,2023-06-12,15.55000000,15.69000000,14.74000000,15.19000000,5195357.99000000,5195357.99000000
203,2023-06-11,15.61000000,16.18000000,15.11000000,15.55000000,6064017.28000000,6064017.28000000
204,2023-06-10,17.40000000,17.43000000,12.80000000,15.61000000,17211734.83000000,17211734.83000000
205,2023-06-09,18.88000000,19.37000000,17.11000000,17.40000000,4755455.49000000,4755455.49000000
206,2023-06-08,18.64000000,19.11000000,18.23000000,18.89000000,2669714.01000000,2669714.01000000
207,2023-06-07,20.38000000,20.53000000,18.50000000,18.64000000,3842270.95000000,3842270.95000000
208,2023-06-06,20.01000000,20.70000000,19.23000000,20.38000000,4383534.14000000,4383534.14000000
209,2023-06-05,21.83000000,22.06000000,19.03000000,20.00000000,6215040.24000000,6215040.24000000
210,2023-06-04,21.19000000,22.30000000,21.03000000,21.82000000,2800007.16000000,2800007.16000000
211,2023-06-03,21.26000000,21.35000000,20.95000000,21.19000000,1130915.88000000,1130915.88000000
212,2023-06-02,20.49000000,21.37000000,20.30000000,21.26000000,2068166.11000000,2068166.11000000
213,2023-06-01,20.82000000,20.98000000,20.41000000,20.49000000,1732297.47000000,1732297.47000000
214,2023-05-31,21.25000000,21.33000000,20.37000000,20.81000000,2050625.96000000,2050625.96000000
215,2023-05-30,20.57000000,21.40000000,20.46000000,21.25000000,3192653.91000000,3192653.91000000
216,2023-05-29,20.81000000,20.98000000,20.26000000,20.57000000,2222352.38000000,2222352.38000000
217,2023-05-28,20.42000000,21.19000000,20.29000000,20.81000000,2874459.57000000,2874459.57000000
218,2023-05-27,19.35000000,20.54000000,19.33000000,20.43000000,1565995.03000000,1565995.03000000
219,2023-05-26,19.25000000,19.56000000,19.08000000,19.35000000,1034272.52000000,1034272.52000000
220,2023-05-25,19.22000000,19.58000000,18.77000000,19.25000000,1692742.89000000,1692742.89000000
221,2023-05-24,20.02000000,20.07000000,18.66000000,19.22000000,2780601.57000000,2780601.57000000
222,2023-05-23,19.52000000,20.18000000,19.42000000,20.02000000,2466255.33000000,2466255.33000000
223,2023-05-22,19.61000000,20.03000000,19.28000000,19.53000000,2054927.32000000,2054927.32000000
224,2023-05-21,20.28000000,20.39000000,19.33000000,19.61000000,1976334.78000000,1976334.78000000
225,2023-05-20,20.35000000,20.37000000,20.08000000,20.28000000,856718.98000000,856718.98000000
226,2023-05-19,20.35000000,20.59000000,20.21000000,20.36000000,1214543.49000000,1214543.49000000
227,2023-05-18,21.06000000,21.09000000,20.07000000,20.34000000,2624370.52000000,2624370.52000000
228,2023-05-17,20.68000000,21.23000000,20.42000000,21.06000000,2614414.01000000,2614414.01000000
229,2023-05-16,20.98000000,21.13000000,20.43000000,20.67000000,2722401.44000000,2722401.44000000
230,2023-05-15,20.93000000,21.52000000,20.60000000,20.99000000,2858317.83000000,2858317.83000000
231,2023-05-14,20.83000000,21.28000000,20.62000000,20.93000000,1553375.08000000,1553375.08000000
232,2023-05-13,20.91000000,21.29000000,20.77000000,20.84000000,1835421.61000000,1835421.61000000
233,2023-05-12,20.17000000,20.95000000,19.80000000,20.90000000,3076452.18000000,3076452.18000000
234,2023-05-11,20.92000000,20.93000000,19.69000000,20.17000000,3721715.10000000,3721715.10000000
235,2023-05-10,20.66000000,21.31000000,19.74000000,20.91000000,5057170.30000000,5057170.30000000
236,2023-05-09,20.63000000,21.00000000,20.40000000,20.65000000,2375473.60000000,2375473.60000000
237,2023-05-08,21.65000000,21.81000000,20.00000000,20.62000000,5254424.55000000,5254424.55000000
238,2023-05-07,21.91000000,22.78000000,21.63000000,21.66000000,2954384.97000000,2954384.97000000
239,2023-05-06,22.82000000,23.23000000,21.56000000,21.91000000,2849745.66000000,2849745.66000000
240,2023-05-05,21.74000000,23.07000000,21.56000000,22.82000000,3636404.07000000,3636404.07000000
241,2023-05-04,22.24000000,22.49000000,21.61000000,21.74000000,2529635.56000000,2529635.56000000
242,2023-05-03,22.25000000,22.30000000,21.23000000,22.24000000,4181975.28000000,4181975.28000000
243,2023-05-02,21.95000000,22.38000000,21.75000000,22.25000000,2566813.09000000,2566813.09000000
244,2023-05-01,22.73000000,22.88000000,21.54000000,21.96000000,3758634.21000000,3758634.21000000
245,2023-04-30,23.18000000,23.99000000,22.69000000,22.74000000,3110943.40000000,3110943.40000000
246,2023-04-29,23.34000000,23.89000000,22.90000000,23.19000000,3194699.55000000,3194699.55000000
247,2023-04-28,22.34000000,23.50000000,22.16000000,23.34000000,4422324.38000000,4422324.38000000
248,2023-04-27,21.28000000,22.52000000,21.18000000,22.33000000,4703115.03000000,4703115.03000000
249,2023-04-26,21.94000000,22.97000000,20.36000000,21.28000000,6657868.13000000,6657868.13000000
250,2023-04-25,21.39000000,21.97000000,20.73000000,21.93000000,3314599.54000000,3314599.54000000
251,2023-04-24,21.47000000,22.02000000,21.00000000,21.38000000,3120614.16000000,3120614.16000000
252,2023-04-23,21.79000000,22.25000000,20.91000000,21.47000000,2754139.65000000,2754139.65000000
253,2023-04-22,21.26000000,21.99000000,21.05000000,21.79000000,1831214.09000000,1831214.09000000
254,2023-04-21,22.19000000,22.41000000,21.00000000,21.25000000,4194496.37000000,4194496.37000000
255,2023-04-20,22.66000000,23.18000000,21.59000000,22.20000000,5486212.56000000,5486212.56000000
256,2023-04-19,24.82000000,24.98000000,21.71000000,22.66000000,6650547.99000000,6650547.99000000
257,2023-04-18,24.57000000,25.44000000,24.00000000,24.82000000,3477504.60000000,3477504.60000000
258,2023-04-17,25.34000000,26.00000000,24.28000000,24.58000000,5631537.50000000,5631537.50000000
259,2023-04-16,24.05000000,25.49000000,23.81000000,25.34000000,3471417.67000000,3471417.67000000
260,2023-04-15,24.72000000,24.80000000,23.81000000,24.05000000,2861426.92000000,2861426.92000000
261,2023-04-14,24.43000000,25.49000000,23.73000000,24.71000000,6432126.81000000,6432126.81000000
262,2023-04-13,23.81000000,25.30000000,23.63000000,24.43000000,6063385.78000000,6063385.78000000
263,2023-04-12,22.99000000,24.48000000,22.29000000,23.80000000,10374263.08000000,10374263.08000000
264,2023-04-11,20.89000000,23.68000000,20.82000000,22.98000000,8297859.99000000,8297859.99000000
265,2023-04-10,20.29000000,20.95000000,20.08000000,20.89000000,1615129.64000000,1615129.64000000
266,2023-04-09,20.04000000,20.44000000,19.87000000,20.28000000,1051608.84000000,1051608.84000000
267,2023-04-08,20.44000000,20.74000000,19.85000000,20.04000000,1608993.48000000,1608993.48000000
268,2023-04-07,20.62000000,20.78000000,20.22000000,20.44000000,1220862.47000000,1220862.47000000
269,2023-04-06,20.96000000,20.99000000,20.43000000,20.62000000,1674280.50000000,1674280.50000000
270,2023-04-05,20.91000000,21.34000000,20.58000000,20.97000000,2603072.26000000,2603072.26000000
271,2023-04-04,20.45000000,21.26000000,20.28000000,20.92000000,2514863.89000000,2514863.89000000
272,2023-04-03,20.52000000,20.99000000,19.94000000,20.45000000,3984085.57000000,3984085.57000000
273,2023-04-02,21.07000000,21.30000000,20.23000000,20.52000000,1822345.58000000,1822345.58000000
274,2023-04-01,21.15000000,21.34000000,20.74000000,21.08000000,1824463.55000000,1824463.55000000
275,2023-03-31,20.55000000,21.49000000,20.04000000,21.16000000,3228391.27000000,3228391.27000000
276,2023-03-30,21.10000000,21.67000000,20.16000000,20.55000000,4349577.78000000,4349577.78000000
277,2023-03-29,20.45000000,21.56000000,20.43000000,21.10000000,3377523.28000000,3377523.28000000
278,2023-03-28,19.91000000,20.88000000,19.60000000,20.45000000,3316462.41000000,3316462.41000000
279,2023-03-27,20.94000000,20.99000000,19.33000000,19.91000000,3556384.38000000,3556384.38000000
280,2023-03-26,20.40000000,21.14000000,20.29000000,20.94000000,1848599.09000000,1848599.09000000
281,2023-03-25,20.66000000,20.98000000,20.09000000,20.41000000,2338133.56000000,2338133.56000000
282,2023-03-24,22.16000000,22.27000000,20.26000000,20.66000000,4995998.21000000,4995998.21000000
283,2023-03-23,21.41000000,22.95000000,21.08000000,22.16000000,5049411.36000000,5049411.36000000
284,2023-03-22,22.52000000,23.09000000,20.93000000,21.42000000,8602292.98000000,8602292.98000000
285,2023-03-21,22.13000000,23.33000000,21.51000000,22.53000000,6547867.38000000,6547867.38000000
286,2023-03-20,21.86000000,23.91000000,21.35000000,22.13000000,10056429.13000000,10056429.13000000
287,2023-03-19,21.20000000,22.43000000,21.19000000,21.86000000,4290990.03000000,4290990.03000000
288,2023-03-18,21.60000000,22.94000000,21.05000000,21.20000000,7417972.25000000,7417972.25000000
289,2023-03-17,19.67000000,21.69000000,19.42000000,21.60000000,5853746.15000000,5853746.15000000
290,2023-03-16,19.25000000,19.90000000,18.88000000,19.67000000,4381882.68000000,4381882.68000000
291,2023-03-15,20.86000000,21.46000000,18.70000000,19.24000000,7661168.72000000,7661168.72000000
292,2023-03-14,20.40000000,22.12000000,19.75000000,20.86000000,9812864.39000000,9812864.39000000
293,2023-03-13,20.19000000,21.47000000,18.87000000,20.40000000,10652102.31000000,10652102.31000000
294,2023-03-12,18.07000000,20.53000000,17.71000000,20.20000000,6555846.63000000,6555846.63000000
295,2023-03-11,18.17000000,18.89000000,16.94000000,18.07000000,6593106.41000000,6593106.41000000
296,2023-03-10,17.34000000,18.36000000,16.00000000,18.17000000,9520202.65000000,9520202.65000000
297,2023-03-09,18.41000000,18.78000000,16.69000000,17.33000000,7832548.96000000,7832548.96000000
298,2023-03-08,20.25000000,20.39000000,18.10000000,18.41000000,5826803.53000000,5826803.53000000
299,2023-03-07,20.62000000,20.95000000,19.71000000,20.25000000,3104831.99000000,3104831.99000000
300,2023-03-06,20.98000000,21.19000000,20.47000000,20.63000000,2216419.88000000,2216419.88000000
301,2023-03-05,20.98000000,21.72000000,20.84000000,20.97000000,1733301.96000000,1733301.96000000
302,2023-03-04,21.42000000,21.62000000,20.20000000,20.98000000,1754082.61000000,1754082.61000000
303,2023-03-03,22.00000000,22.02000000,20.34000000,21.42000000,3635280.89000000,3635280.89000000
304,2023-03-02,22.50000000,22.65000000,21.67000000,22.00000000,2231193.36000000,2231193.36000000
305,2023-03-01,21.88000000,22.91000000,21.65000000,22.51000000,2445602.61000000,2445602.61000000
306,2023-02-28,22.68000000,22.75000000,21.75000000,21.89000000,2291715.21000000,2291715.21000000
307,2023-02-27,23.25000000,23.41000000,22.32000000,22.68000000,3670697.58000000,3670697.58000000
308,2023-02-26,22.37000000,23.53000000,22.21000000,23.25000000,2817875.05000000,2817875.05000000
309,2023-02-25,23.07000000,23.33000000,21.41000000,22.37000000,4541250.05000000,4541250.05000000
310,2023-02-24,23.91000000,24.13000000,22.46000000,23.07000000,4868888.31000000,4868888.31000000
311,2023-02-23,24.16000000,24.69000000,23.60000000,23.91000000,4390966.09000000,4390966.09000000
312,2023-02-22,24.98000000,25.24000000,23.21000000,24.16000000,7174305.66000000,7174305.66000000
313,2023-02-21,26.26000000,26.61000000,24.50000000,24.98000000,6724448.02000000,6724448.02000000
314,2023-02-20,24.83000000,27.12000000,24.11000000,26.26000000,10266239.07000000,10266239.07000000
315,2023-02-19,23.46000000,25.64000000,23.20000000,24.84000000,8316165.25000000,8316165.25000000
316,2023-02-18,23.14000000,23.94000000,22.92000000,23.45000000,2647511.00000000,2647511.00000000
317,2023-02-17,22.24000000,23.54000000,21.99000000,23.14000000,4539817.75000000,4539817.75000000
318,2023-02-16,23.86000000,24.20000000,22.20000000,22.24000000,6832612.63000000,6832612.63000000
319,2023-02-15,21.84000000,23.99000000,21.45000000,23.86000000,5587903.97000000,5587903.97000000
320,2023-02-14,20.77000000,22.37000000,20.66000000,21.84000000,7639521.83000000,7639521.83000000
321,2023-02-13,21.49000000,21.61000000,19.73000000,20.77000000,6685330.04000000,6685330.04000000
322,2023-02-12,20.81000000,22.59000000,20.62000000,21.49000000,4625241.81000000,4625241.81000000
323,2023-02-11,20.10000000,20.92000000,20.10000000,20.81000000,1859852.98000000,1859852.98000000
324,2023-02-10,20.48000000,21.20000000,19.68000000,20.11000000,5523024.53000000,5523024.53000000
325,2023-02-09,23.21000000,23.35000000,20.00000000,20.48000000,6398790.64000000,6398790.64000000
326,2023-02-08,23.82000000,24.24000000,22.80000000,23.22000000,3970029.14000000,3970029.14000000
327,2023-02-07,22.65000000,23.96000000,22.54000000,23.82000000,4900023.85000000,4900023.85000000
328,2023-02-06,23.46000000,23.72000000,22.45000000,22.66000000,3592829.38000000,3592829.38000000
329,2023-02-05,24.34000000,24.46000000,23.02000000,23.47000000,4822304.59000000,4822304.59000000
330,2023-02-04,24.69000000,24.95000000,24.17000000,24.34000000,2034159.41000000,2034159.41000000
331,2023-02-03,24.32000000,25.07000000,24.01000000,24.69000000,4759274.31000000,4759274.31000000
332,2023-02-02,25.00000000,26.15000000,24.05000000,24.32000000,7246590.58000000,7246590.58000000
333,2023-02-01,23.93000000,25.22000000,22.48000000,25.00000000,7304888.31000000,7304888.31000000
334,2023-01-31,23.97000000,24.47000000,23.49000000,23.92000000,4062387.09000000,4062387.09000000
335,2023-01-30,26.07000000,26.31000000,23.11000000,23.96000000,7532450.12000000,7532450.12000000
336,2023-01-29,24.00000000,26.80000000,23.73000000,26.07000000,7785906.20000000,7785906.20000000
337,2023-01-28,24.43000000,25.24000000,23.70000000,24.00000000,3377884.10000000,3377884.10000000
338,2023-01-27,24.33000000,24.96000000,23.27000000,24.43000000,4729055.76000000,4729055.76000000
339,2023-01-26,24.53000000,25.23000000,23.73000000,24.33000000,5450404.10000000,5450404.10000000
340,2023-01-25,22.77000000,25.43000000,22.24000000,24.52000000,8332368.29000000,8332368.29000000
341,2023-01-24,24.32000000,25.24000000,22.25000000,22.78000000,6121565.88000000,6121565.88000000
342,2023-01-23,24.21000000,24.93000000,23.70000000,24.33000000,6100483.98000000,6100483.98000000
343,2023-01-22,24.56000000,25.45000000,23.50000000,24.21000000,6496779.26000000,6496779.26000000
344,2023-01-21,25.51000000,26.60000000,24.24000000,24.57000000,12782858.69000000,12782858.69000000
345,2023-01-20,21.40000000,25.82000000,20.93000000,25.51000000,9652433.39000000,9652433.39000000
346,2023-01-19,20.78000000,21.88000000,20.41000000,21.40000000,6113345.07000000,6113345.07000000
347,2023-01-18,22.86000000,23.65000000,20.34000000,20.79000000,11341710.32000000,11341710.32000000
348,2023-01-17,23.58000000,23.95000000,22.70000000,22.86000000,6056942.68000000,6056942.68000000
349,2023-01-16,22.90000000,25.00000000,22.30000000,23.58000000,10043368.28000000,10043368.28000000
350,2023-01-15,24.23000000,25.00000000,21.98000000,22.89000000,11258028.55000000,11258028.55000000
351,2023-01-14,18.29000000,24.75000000,18.20000000,24.24000000,25997232.06000000,25997232.06000000
352,2023-01-13,16.59000000,18.65000000,16.29000000,18.29000000,10929884.40000000,10929884.40000000
353,2023-01-12,16.37000000,17.00000000,15.54000000,16.59000000,9608670.96000000,9608670.96000000
354,2023-01-11,16.20000000,16.67000000,15.28000000,16.36000000,6661616.67000000,6661616.67000000
355,2023-01-10,16.25000000,16.73000000,15.57000000,16.20000000,8489417.77000000,8489417.77000000
356,2023-01-09,14.46000000,17.50000000,14.28000000,16.25000000,19481959.57000000,19481959.57000000
357,2023-01-08,13.10000000,14.89000000,12.85000000,14.45000000,6295596.12000000,6295596.12000000
358,2023-01-07,13.51000000,13.51000000,13.01000000,13.10000000,1904950.91000000,1904950.91000000
359,2023-01-06,13.43000000,13.60000000,12.69000000,13.50000000,5404648.48000000,5404648.48000000
360,2023-01-05,13.43000000,13.89000000,12.95000000,13.43000000,5834353.76000000,5834353.76000000
361,2023-01-04,13.37000000,14.24000000,12.83000000,13.43000000,12612735.49000000,12612735.49000000
362,2023-01-03,11.28000000,13.91000000,11.00000000,13.37000000,14986491.36000000,14986491.36000000
363,2023-01-02,9.99000000,12.00000000,9.81000000,11.28000000,7628264.93000000,7628264.93000000
364,2023-01-01,9.97000000,10.09000000,9.69000000,9.99000000,2287512.63000000,2287512.63000000
365,2022-12-31,9.91000000,10.20000000,9.66000000,9.97000000,3621434.65000000,3621434.65000000
366,2022-12-30,9.64000000,10.26000000,9.00000000,9.90000000,12587079.51000000,12587079.51000000
367,2022-12-29,9.76000000,10.89000000,8.00000000,9.64000000,12093989.53000000,12093989.53000000
368,2022-12-28,11.10000000,11.12000000,9.39000000,9.76000000,7362205.18100000,7362205.18100000
369,2022-12-27,11.33000000,11.44000000,10.71000000,11.09000000,3052197.59000000,3052197.59000000
370,2022-12-26,11.39000000,11.49000000,11.06000000,11.32000000,1613225.82000000,1613225.82000000
371,2022-12-25,11.45000000,11.56000000,11.24000000,11.38000000,916417.64000000,916417.64000000
372,2022-12-24,11.79000000,11.79000000,11.07000000,11.45000000,2286878.14000000,2286878.14000000
373,2022-12-23,11.81000000,12.11000000,11.72000000,11.78000000,1647382.32000000,1647382.32000000
374,2022-12-22,12.14000000,12.19000000,11.67000000,11.82000000,1805407.09000000,1805407.09000000
375,2022-12-21,12.26000000,12.29000000,11.90000000,12.14000000,1549774.66000000,1549774.66000000
376,2022-12-20,11.94000000,12.49000000,11.84000000,12.26000000,1699256.37000000,1699256.37000000
377,2022-12-19,12.38000000,12.59000000,11.66000000,11.94000000,2385052.59000000,2385052.59000000
378,2022-12-18,12.50000000,12.60000000,12.25000000,12.38000000,1358593.49000000,1358593.49000000
379,2022-12-17,12.25000000,12.60000000,11.92000000,12.51000000,2465880.45000000,2465880.45000000
380,2022-12-16,14.05000000,14.17000000,12.00000000,12.25000000,4522833.23000000,4522833.23000000
381,2022-12-15,14.12000000,14.52000000,13.86000000,14.04000000,2711381.25000000,2711381.25000000
382,2022-12-14,13.90000000,14.96000000,13.81000000,14.12000000,5084591.13000000,5084591.13000000
383,2022-12-13,13.31000000,14.15000000,12.76000000,13.89000000,3963954.49000000,3963954.49000000
384,2022-12-12,13.42000000,13.50000000,12.82000000,13.31000000,2644017.08000000,2644017.08000000
385,2022-12-11,13.58000000,13.80000000,13.39000000,13.42000000,1210234.56000000,1210234.56000000
386,2022-12-10,13.58000000,13.73000000,13.54000000,13.58000000,950118.11000000,950118.11000000
387,2022-12-09,13.69000000,14.02000000,13.51000000,13.59000000,2597941.96000000,2597941.96000000
388,2022-12-08,13.49000000,13.77000000,13.27000000,13.69000000,2218371.02000000,2218371.02000000
389,2022-12-07,14.30000000,14.34000000,13.39000000,13.49000000,2647330.66000000,2647330.66000000
390,2022-12-06,13.82000000,14.38000000,13.81000000,14.30000000,3280084.71000000,3280084.71000000
391,2022-12-05,13.71000000,14.17000000,13.58000000,13.82000000,3962489.89000000,3962489.89000000
392,2022-12-04,13.29000000,13.75000000,13.27000000,13.71000000,1778118.75000000,1778118.75000000
393,2022-12-03,13.71000000,13.77000000,13.20000000,13.29000000,1958859.38000000,1958859.38000000
394,2022-12-02,13.51000000,13.84000000,13.33000000,13.71000000,2865008.71000000,2865008.71000000
395,2022-12-01,14.17000000,14.19000000,13.40000000,13.51000000,2567835.92000000,2567835.92000000
396,2022-11-30,13.35000000,14.32000000,13.21000000,14.16000000,3599962.88000000,3599962.88000000
397,2022-11-29,13.33000000,13.96000000,13.14000000,13.34000000,2605636.41000000,2605636.41000000
398,2022-11-28,14.11000000,14.17000000,12.78000000,13.32000000,4718682.44000000,4718682.44000000
399,2022-11-27,14.17000000,14.45000000,14.05000000,14.12000000,2063327.08000000,2063327.08000000
400,2022-11-26,14.03000000,14.98000000,13.97000000,14.17000000,2911827.78000000,2911827.78000000
401,2022-11-25,14.60000000,14.61000000,13.91000000,14.03000000,2819515.28000000,2819515.28000000
402,2022-11-24,14.36000000,14.96000000,13.84000000,14.59000000,4725295.69000000,4725295.69000000
403,2022-11-23,12.43000000,14.50000000,12.40000000,14.36000000,7872882.42000000,7872882.42000000
404,2022-11-22,11.83000000,12.50000000,10.94000000,12.44000000,5495351.55000000,5495351.55000000
405,2022-11-21,12.26000000,12.29000000,11.27000000,11.83000000,4921177.25900000,4921177.25900000
406,2022-11-20,12.84000000,13.58000000,12.10000000,12.27000000,4790066.03000000,4790066.03000000
407,2022-11-19,13.28000000,13.28000000,12.58000000,12.84000000,2920148.22000000,2920148.22000000
408,2022-11-18,13.65000000,13.89000000,13.00000000,13.27000000,2949495.18000000,2949495.18000000
409,2022-11-17,14.27000000,14.50000000,12.93000000,13.65000000,6589277.99000000,6589277.99000000
410,2022-11-16,14.32000000,14.64000000,13.64000000,14.27000000,4117412.48000000,4117412.48000000
411,2022-11-15,14.00000000,15.10000000,13.82000000,14.32000000,7666656.34000000,7666656.34000000
412,2022-11-14,13.18000000,15.01000000,12.07000000,14.00000000,12412181.95000000,12412181.95000000
413,2022-11-13,14.58000000,14.74000000,13.02000000,13.18000000,7632404.82000000,7632404.82000000
414,2022-11-12,16.46000000,16.53000000,14.47000000,14.58000000,6958266.14000000,6958266.14000000
415,2022-11-11,17.65000000,18.31000000,15.10000000,16.45000000,16952323.15000000,16952323.15000000
416,2022-11-10,14.08000000,18.87000000,13.14000000,17.66000000,31278279.25000000,31278279.25000000
417,2022-11-09,24.38000000,24.38000000,12.37000000,14.08000000,34965021.07600000,34965021.07600000
418,2022-11-08,29.62000000,31.72000000,19.80000000,24.38000000,28156844.01900000,28156844.01900000
419,2022-11-07,32.61000000,33.13000000,28.00000000,29.62000000,9810937.64000000,9810937.64000000
420,2022-11-06,36.90000000,37.06000000,32.31000000,32.62000000,4722074.05000000,4722074.05000000
421,2022-11-05,33.73000000,38.79000000,33.66000000,36.90000000,7466083.52000000,7466083.52000000
422,2022-11-04,30.86000000,34.20000000,30.66000000,33.74000000,4106770.60000000,4106770.60000000
423,2022-11-03,30.81000000,32.25000000,30.61000000,30.85000000,2302866.46000000,2302866.46000000
424,2022-11-02,32.20000000,32.95000000,30.24000000,30.80000000,3423829.13000000,3423829.13000000
425,2022-11-01,32.57000000,33.39000000,32.15000000,32.20000000,2015730.52000000,2015730.52000000
426,2022-10-31,32.93000000,34.39000000,32.20000000,32.56000000,3082485.07000000,3082485.07000000
427,2022-10-30,32.87000000,33.54000000,31.93000000,32.94000000,1962511.76000000,1962511.76000000
428,2022-10-29,32.06000000,33.84000000,31.85000000,32.87000000,3316674.09000000,3316674.09000000
429,2022-10-28,30.60000000,32.54000000,30.11000000,32.07000000,3017472.57000000,3017472.57000000
430,2022-10-27,31.29000000,32.36000000,30.41000000,30.58000000,3608322.35000000,3608322.35000000
431,2022-10-26,30.87000000,32.17000000,30.63000000,31.29000000,3909684.74000000,3909684.74000000
432,2022-10-25,28.31000000,32.31000000,28.05000000,30.86000000,4389638.87000000,4389638.87000000
433,2022-10-24,29.28000000,29.50000000,28.16000000,28.30000000,2525864.52000000,2525864.52000000
434,2022-10-23,28.01000000,29.44000000,27.73000000,29.28000000,2150824.00000000,2150824.00000000
435,2022-10-22,28.10000000,28.22000000,27.48000000,28.01000000,1333382.63000000,1333382.63000000
436,2022-10-21,28.01000000,28.28000000,26.84000000,28.10000000,3208878.96000000,3208878.96000000
437,2022-10-20,28.86000000,29.47000000,27.98000000,28.01000000,2379315.87000000,2379315.87000000
438,2022-10-19,30.14000000,30.26000000,28.61000000,28.86000000,1713727.76000000,1713727.76000000
439,2022-10-18,31.22000000,31.48000000,29.73000000,30.15000000,1966281.14000000,1966281.14000000
440,2022-10-17,30.16000000,31.29000000,29.84000000,31.21000000,1694429.96000000,1694429.96000000
441,2022-10-16,29.59000000,30.53000000,29.56000000,30.17000000,934949.40000000,934949.40000000
442,2022-10-15,30.00000000,30.20000000,29.42000000,29.59000000,1009243.59000000,1009243.59000000
443,2022-10-14,30.48000000,31.98000000,29.62000000,30.00000000,2384103.67000000,2384103.67000000
444,2022-10-13,31.15000000,31.21000000,27.87000000,30.49000000,4402648.71000000,4402648.71000000
445,2022-10-12,30.80000000,31.55000000,30.67000000,31.16000000,1048211.96000000,1048211.96000000
446,2022-10-11,31.95000000,31.96000000,30.42000000,30.80000000,1923666.97000000,1923666.97000000
447,2022-10-10,32.92000000,33.46000000,31.88000000,31.96000000,1554680.40000000,1554680.40000000
448,2022-10-09,32.57000000,33.14000000,32.44000000,32.92000000,883235.74000000,883235.74000000
449,2022-10-08,32.98000000,33.08000000,32.35000000,32.58000000,785559.59000000,785559.59000000
450,2022-10-07,33.35000000,33.76000000,32.43000000,32.98000000,1963117.82000000,1963117.82000000
451,2022-10-06,34.04000000,34.50000000,33.23000000,33.36000000,1799751.22000000,1799751.22000000
452,2022-10-05,34.10000000,34.37000000,33.18000000,34.04000000,1777550.81000000,1777550.81000000
453,2022-10-04,32.90000000,34.40000000,32.84000000,34.09000000,1949740.88000000,1949740.88000000
454,2022-10-03,32.06000000,33.27000000,31.73000000,32.89000000,1890470.20000000,1890470.20000000
455,2022-10-02,32.44000000,33.00000000,31.90000000,32.06000000,1472849.24000000,1472849.24000000
456,2022-10-01,33.25000000,33.25000000,32.34000000,32.44000000,1458835.24000000,1458835.24000000
457,2022-09-30,33.94000000,35.22000000,32.62000000,33.25000000,4264290.42000000,4264290.42000000
458,2022-09-29,33.23000000,34.42000000,32.65000000,33.93000000,2735381.21000000,2735381.21000000
459,2022-09-28,32.68000000,33.81000000,31.65000000,33.22000000,3091106.50000000,3091106.50000000
460,2022-09-27,33.89000000,35.41000000,32.08000000,32.69000000,4411114.63000000,4411114.63000000
461,2022-09-26,32.33000000,33.95000000,31.87000000,33.88000000,3284142.93000000,3284142.93000000
462,2022-09-25,33.39000000,34.05000000,31.87000000,32.34000000,1838509.33000000,1838509.33000000
463,2022-09-24,33.67000000,34.79000000,33.14000000,33.38000000,3102314.35000000,3102314.35000000
464,2022-09-23,32.43000000,33.98000000,31.20000000,33.66000000,3481076.73000000,3481076.73000000
465,2022-09-22,30.65000000,32.87000000,30.59000000,32.43000000,2975325.90000000,2975325.90000000
466,2022-09-21,31.42000000,33.48000000,30.01000000,30.65000000,4545539.08000000,4545539.08000000
467,2022-09-20,32.63000000,32.88000000,31.29000000,31.41000000,2558791.65000000,2558791.65000000
468,2022-09-19,31.10000000,33.08000000,30.50000000,32.62000000,3503472.34000000,3503472.34000000
469,2022-09-18,33.69000000,33.99000000,30.86000000,31.10000000,2299068.39000000,2299068.39000000
470,2022-09-17,32.25000000,33.89000000,32.23000000,33.68000000,1414903.11000000,1414903.11000000
471,2022-09-16,33.08000000,33.26000000,31.50000000,32.25000000,2180222.56000000,2180222.56000000
472,2022-09-15,34.12000000,34.84000000,32.42000000,33.07000000,3696318.23000000,3696318.23000000
473,2022-09-14,33.00000000,34.35000000,32.67000000,34.12000000,3170484.22000000,3170484.22000000
474,2022-09-13,37.44000000,39.01000000,32.93000000,33.00000000,6401715.44000000,6401715.44000000
475,2022-09-12,34.99000000,38.39000000,34.40000000,37.44000000,5186842.63000000,5186842.63000000
476,2022-09-11,35.04000000,36.00000000,34.04000000,34.99000000,1999936.19000000,1999936.19000000
477,2022-09-10,34.68000000,35.41000000,34.27000000,35.03000000,1977630.96000000,1977630.96000000
478,2022-09-09,33.62000000,35.96000000,33.59000000,34.67000000,3748304.00000000,3748304.00000000
479,2022-09-08,32.70000000,33.98000000,31.97000000,33.61000000,3062370.54000000,3062370.54000000
480,2022-09-07,30.88000000,32.94000000,30.31000000,32.69000000,2516005.51000000,2516005.51000000
481,2022-09-06,32.17000000,33.90000000,30.44000000,30.88000000,4663061.68000000,4663061.68000000
482,2022-09-05,32.17000000,32.50000000,31.15000000,32.18000000,1545295.72000000,1545295.72000000
483,2022-09-04,31.11000000,32.20000000,31.02000000,32.16000000,1302960.75000000,1302960.75000000
484,2022-09-03,31.23000000,31.29000000,30.80000000,31.12000000,773414.20000000,773414.20000000
485,2022-09-02,31.61000000,32.38000000,30.76000000,31.23000000,2327194.21000000,2327194.21000000
486,2022-09-01,31.49000000,31.79000000,30.44000000,31.61000000,2304167.56000000,2304167.56000000
487,2022-08-31,31.47000000,32.95000000,31.18000000,31.50000000,2705795.29000000,2705795.29000000
488,2022-08-30,32.42000000,33.16000000,30.64000000,31.47000000,3466845.37000000,3466845.37000000
489,2022-08-29,30.43000000,32.64000000,30.00000000,32.42000000,3758900.71000000,3758900.71000000
490,2022-08-28,31.53000000,32.21000000,30.19000000,30.44000000,2245087.33000000,2245087.33000000
491,2022-08-27,31.72000000,32.25000000,30.86000000,31.53000000,3025394.15000000,3025394.15000000
492,2022-08-26,35.26000000,35.79000000,31.36000000,31.72000000,5268727.97000000,5268727.97000000
493,2022-08-25,34.90000000,36.49000000,34.87000000,35.27000000,2472099.50000000,2472099.50000000
494,2022-08-24,35.69000000,36.40000000,34.31000000,34.89000000,2588768.41000000,2588768.41000000
495,2022-08-23,35.42000000,36.11000000,34.24000000,35.68000000,2736678.36000000,2736678.36000000
496,2022-08-22,36.48000000,36.56000000,33.73000000,35.41000000,3740448.14000000,3740448.14000000
497,2022-08-21,35.28000000,37.09000000,34.51000000,36.47000000,3184917.72000000,3184917.72000000
498,2022-08-20,35.82000000,37.27000000,34.21000000,35.28000000,3873077.48000000,3873077.48000000
499,2022-08-19,39.51000000,39.59000000,35.25000000,35.81000000,6209609.03000000,6209609.03000000
500,2022-08-18,40.54000000,41.67000000,39.31000000,39.52000000,2839363.98000000,2839363.98000000
501,2022-08-17,43.08000000,44.75000000,40.18000000,40.54000000,4207333.00000000,4207333.00000000
502,2022-08-16,43.72000000,44.31000000,42.53000000,43.08000000,3604735.73000000,3604735.73000000
503,2022-08-15,44.86000000,47.24000000,42.75000000,43.72000000,4145114.74000000,4145114.74000000
504,2022-08-14,46.59000000,48.06000000,44.46000000,44.87000000,3476179.16000000,3476179.16000000
505,2022-08-13,45.49000000,48.38000000,45.27000000,46.60000000,4706648.94000000,4706648.94000000
506,2022-08-12,42.78000000,45.49000000,42.12000000,45.48000000,3376989.68000000,3376989.68000000
507,2022-08-11,42.47000000,45.32000000,42.34000000,42.77000000,5808859.44000000,5808859.44000000
508,2022-08-10,40.34000000,42.87000000,39.15000000,42.47000000,4467794.94000000,4467794.94000000
509,2022-08-09,42.17000000,42.76000000,39.73000000,40.33000000,2832475.74000000,2832475.74000000
510,2022-08-08,40.60000000,43.71000000,40.55000000,42.18000000,3823749.60000000,3823749.60000000
511,2022-08-07,40.07000000,41.57000000,39.21000000,40.60000000,1745897.70000000,1745897.70000000
512,2022-08-06,40.55000000,40.89000000,39.85000000,40.07000000,1600652.00000000,1600652.00000000
513,2022-08-05,38.83000000,41.33000000,38.71000000,40.55000000,3510687.91000000,3510687.91000000
514,2022-08-04,38.54000000,39.85000000,37.96000000,38.83000000,4151096.90000000,4151096.90000000
515,2022-08-03,39.78000000,40.99000000,37.43000000,38.54000000,8391441.54000000,8391441.54000000
516,2022-08-02,41.65000000,42.45000000,39.50000000,39.79000000,3598240.96000000,3598240.96000000
517,2022-08-01,42.34000000,43.26000000,40.57000000,41.65000000,3302835.44000000,3302835.44000000
518,2022-07-31,43.84000000,45.21000000,42.22000000,42.35000000,3287571.37000000,3287571.37000000
519,2022-07-30,41.92000000,46.65000000,41.41000000,43.84000000,5388479.30000000,5388479.30000000
520,2022-07-29,42.92000000,44.42000000,41.13000000,41.91000000,4949319.15000000,4949319.15000000
521,2022-07-28,40.23000000,44.15000000,39.03000000,42.91000000,6754342.15000000,6754342.15000000
522,2022-07-27,36.26000000,40.55000000,35.68000000,40.23000000,5860676.17000000,5860676.17000000
523,2022-07-26,36.66000000,36.84000000,34.67000000,36.25000000,4496178.57000000,4496178.57000000
524,2022-07-25,40.93000000,41.09000000,36.56000000,36.65000000,4237919.99000000,4237919.99000000
525,2022-07-24,39.97000000,42.10000000,39.47000000,40.93000000,3327219.47000000,3327219.47000000
526,2022-07-23,40.54000000,41.91000000,38.60000000,39.97000000,3421971.49000000,3421971.49000000
527,2022-07-22,43.10000000,44.33000000,40.03000000,40.54000000,4495729.55000000,4495729.55000000
528,2022-07-21,42.03000000,44.24000000,39.64000000,43.11000000,6134099.29000000,6134099.29000000
529,2022-07-20,44.87000000,46.30000000,41.24000000,42.04000000,6380441.74000000,6380441.74000000
530,2022-07-19,43.52000000,47.36000000,42.54000000,44.87000000,7876651.82000000,7876651.82000000
531,2022-07-18,38.61000000,44.07000000,38.55000000,43.52000000,6300282.95000000,6300282.95000000
532,2022-07-17,39.59000000,41.09000000,38.29000000,38.62000000,3795951.41000000,3795951.41000000
533,2022-07-16,37.36000000,40.41000000,36.35000000,39.58000000,3945225.20000000,3945225.20000000
534,2022-07-15,37.14000000,39.10000000,36.49000000,37.36000000,4440629.04000000,4440629.04000000
535,2022-07-14,34.94000000,37.31000000,33.58000000,37.15000000,5214767.02000000,5214767.02000000
536,2022-07-13,32.69000000,35.08000000,31.82000000,34.94000000,4798032.13000000,4798032.13000000
537,2022-07-12,33.42000000,34.61000000,32.60000000,32.68000000,3202970.40000000,3202970.40000000
538,2022-07-11,36.71000000,36.73000000,33.24000000,33.42000000,2927967.37000000,2927967.37000000
539,2022-07-10,38.06000000,38.14000000,36.26000000,36.71000000,2181587.60000000,2181587.60000000
540,2022-07-09,38.12000000,38.95000000,37.77000000,38.06000000,2088073.86000000,2088073.86000000
541,2022-07-08,38.46000000,39.72000000,36.46000000,38.12000000,5277992.76000000,5277992.76000000
542,2022-07-07,37.04000000,39.29000000,36.39000000,38.46000000,4091777.28000000,4091777.28000000
543,2022-07-06,35.41000000,37.65000000,34.80000000,37.04000000,5298552.90000000,5298552.90000000
544,2022-07-05,36.71000000,36.99000000,33.03000000,35.40000000,6098472.04000000,6098472.04000000
545,2022-07-04,33.40000000,36.94000000,32.45000000,36.71000000,4064615.13000000,4064615.13000000
546,2022-07-03,33.36000000,33.77000000,32.14000000,33.39000000,2394572.39000000,2394572.39000000
547,2022-07-02,32.85000000,34.14000000,31.87000000,33.36000000,2740500.19000000,2740500.19000000
548,2022-07-01,33.76000000,35.40000000,31.82000000,32.84000000,6155756.76000000,6155756.76000000
549,2022-06-30,34.06000000,34.20000000,30.92000000,33.76000000,5337105.46000000,5337105.46000000
550,2022-06-29,35.34000000,36.12000000,33.10000000,34.05000000,5755278.44000000,5755278.44000000
551,2022-06-28,38.50000000,39.90000000,35.02000000,35.35000000,5581335.85000000,5581335.85000000
552,2022-06-27,39.39000000,41.25000000,37.90000000,38.52000000,4172937.40000000,4172937.40000000
553,2022-06-26,42.22000000,42.49000000,39.14000000,39.39000000,4024143.84000000,4024143.84000000
554,2022-06-25,41.91000000,42.64000000,39.73000000,42.22000000,4294211.07000000,4294211.07000000
555,2022-06-24,38.15000000,42.92000000,37.67000000,41.91000000,6583046.23000000,6583046.23000000
556,2022-06-23,34.13000000,38.65000000,33.91000000,38.15000000,7002610.45000000,7002610.45000000
557,2022-06-22,36.42000000,36.87000000,33.65000000,34.12000000,6494707.01000000,6494707.01000000
558,2022-06-21,35.25000000,39.19000000,34.20000000,36.42000000,7429098.76000000,7429098.76000000
559,2022-06-20,34.19000000,36.90000000,31.73000000,35.24000000,8218146.80000000,8218146.80000000
560,2022-06-19,32.01000000,35.40000000,28.68000000,34.19000000,9253122.78000000,9253122.78000000
561,2022-06-18,30.72000000,32.06000000,27.15000000,32.02000000,9330644.34000000,9330644.34000000
562,2022-06-17,30.12000000,32.19000000,29.26000000,30.71000000,6274370.50000000,6274370.50000000
563,2022-06-16,34.75000000,36.00000000,29.52000000,30.12000000,10418712.66000000,10418712.66000000
564,2022-06-15,29.59000000,34.86000000,26.79000000,34.76000000,12673444.09000000,12673444.09000000
565,2022-06-14,28.59000000,32.32000000,25.86000000,29.59000000,11437619.27000000,11437619.27000000
566,2022-06-13,30.60000000,31.11000000,26.05000000,28.60000000,13336972.46600000,13336972.46600000
567,2022-06-12,33.94000000,34.50000000,30.56000000,30.61000000,6810748.10400000,6810748.10400000
568,2022-06-11,37.17000000,37.93000000,33.17000000,33.93000000,4638154.31700000,4638154.31700000
569,2022-06-10,39.96000000,40.90000000,36.80000000,37.17000000,4364643.34000000,4364643.34000000
570,2022-06-09,38.83000000,41.97000000,38.44000000,39.96000000,4587327.75000000,4587327.75000000
571,2022-06-08,39.32000000,40.96000000,38.28000000,38.83000000,3988154.30000000,3988154.30000000
572,2022-06-07,42.39000000,42.80000000,37.12000000,39.31000000,7677286.83000000,7677286.83000000
573,2022-06-06,38.53000000,44.87000000,38.33000000,42.39000000,6823258.30000000,6823258.30000000
574,2022-06-05,39.02000000,40.22000000,37.85000000,38.52000000,3618511.38000000,3618511.38000000
575,2022-06-04,38.28000000,39.50000000,35.71000000,39.00000000,3736176.79000000,3736176.79000000
576,2022-06-03,40.86000000,41.54000000,37.63000000,38.28000000,4437324.64000000,4437324.64000000
577,2022-06-02,40.11000000,41.65000000,38.13000000,40.85000000,5153870.27000000,5153870.27000000
578,2022-06-01,45.78000000,46.12000000,39.51000000,40.11000000,4778696.94000000,4778696.94000000
579,2022-05-31,47.22000000,48.24000000,44.56000000,45.77000000,4479536.73000000,4479536.73000000
580,2022-05-30,44.98000000,48.39000000,44.27000000,47.22000000,5476313.14000000,5476313.14000000
581,2022-05-29,44.24000000,45.67000000,41.79000000,44.98000000,4628871.10000000,4628871.10000000
582,2022-05-28,41.18000000,45.08000000,40.33000000,44.25000000,4317517.06000000,4317517.06000000
583,2022-05-27,43.44000000,43.95000000,39.93000000,41.17000000,7547814.80000000,7547814.80000000
584,2022-05-26,47.97000000,48.66000000,41.69000000,43.44000000,7025986.74000000,7025986.74000000
585,2022-05-25,49.67000000,50.55000000,47.57000000,47.98000000,3294918.76000000,3294918.76000000
586,2022-05-24,49.17000000,50.85000000,47.10000000,49.67000000,3645448.65000000,3645448.65000000
587,2022-05-23,52.48000000,54.68000000,48.61000000,49.17000000,4201654.88000000,4201654.88000000
588,2022-05-22,50.30000000,53.20000000,49.69000000,52.48000000,2723718.45000000,2723718.45000000
589,2022-05-21,49.42000000,51.21000000,48.43000000,50.31000000,1969104.94000000,1969104.94000000
590,2022-05-20,52.20000000,53.62000000,47.81000000,49.43000000,4811635.67000000,4811635.67000000
591,2022-05-19,49.93000000,54.09000000,48.20000000,52.20000000,4794335.94000000,4794335.94000000
592,2022-05-18,57.01000000,57.85000000,49.38000000,49.93000000,4470848.03000000,4470848.03000000
593,2022-05-17,53.80000000,58.22000000,53.04000000,57.02000000,4346066.59000000,4346066.59000000
594,2022-05-16,58.83000000,58.83000000,51.89000000,53.79000000,5418221.63000000,5418221.63000000
595,2022-05-15,52.43000000,59.31000000,49.63000000,58.83000000,3885558.77000000,3885558.77000000
596,2022-05-14,48.93000000,53.91000000,45.81000000,52.43000000,5099487.21000000,5099487.21000000
597,2022-05-13,44.64000000,56.99000000,43.83000000,48.92000000,8718594.50000000,8718594.50000000
598,2022-05-12,50.90000000,54.29000000,37.37000000,44.64000000,13635820.46500000,13635820.46500000
599,2022-05-11,66.90000000,68.44000000,43.17000000,50.90000000,11626123.02100000,11626123.02100000
600,2022-05-10,62.16000000,74.03000000,60.13000000,66.90000000,7855041.33100000,7855041.33100000
601,2022-05-09,75.39000000,77.21000000,61.70000000,62.16000000,5846036.68200000,5846036.68200000
602,2022-05-08,78.86000000,79.41000000,73.69000000,75.38000000,2736836.40000000,2736836.40000000
603,2022-05-07,81.67000000,82.33000000,77.03000000,78.86000000,1906773.25000000,1906773.25000000
604,2022-05-06,84.52000000,84.84000000,79.98000000,81.68000000,2607225.81000000,2607225.81000000
605,2022-05-05,92.77000000,95.25000000,81.32000000,84.52000000,3311421.92000000,3311421.92000000
606,2022-05-04,85.86000000,93.06000000,85.47000000,92.77000000,2246070.16000000,2246070.16000000
607,2022-05-03,87.49000000,88.81000000,84.66000000,85.86000000,1562366.45000000,1562366.45000000
608,2022-05-02,89.67000000,90.89000000,85.10000000,87.50000000,1915805.97000000,1915805.97000000
609,2022-05-01,84.63000000,93.12000000,84.15000000,89.68000000,2353897.93000000,2353897.93000000
610,2022-04-30,93.96000000,94.95000000,81.91000000,84.63000000,1829537.27000000,1829537.27000000
611,2022-04-29,98.23000000,98.68000000,92.35000000,93.96000000,1736234.87000000,1736234.87000000
612,2022-04-28,98.35000000,100.55000000,96.33000000,98.24000000,1849394.04000000,1849394.04000000
613,2022-04-27,95.70000000,100.79000000,94.89000000,98.36000000,1833742.63000000,1833742.63000000
614,2022-04-26,100.98000000,101.98000000,94.61000000,95.70000000,1897735.14000000,1897735.14000000
615,2022-04-25,99.22000000,101.59000000,94.32000000,100.99000000,2317293.80000000,2317293.80000000
616,2022-04-24,100.63000000,102.31000000,98.55000000,99.23000000,1064136.15000000,1064136.15000000
617,2022-04-23,100.55000000,102.90000000,98.31000000,100.63000000,1081628.14000000,1081628.14000000
618,2022-04-22,101.78000000,103.55000000,99.19000000,100.55000000,1777613.85000000,1777613.85000000
619,2022-04-21,105.58000000,110.00000000,99.86000000,101.78000000,2671646.36000000,2671646.36000000
620,2022-04-20,108.51000000,110.90000000,104.25000000,105.59000000,2768156.81000000,2768156.81000000
621,2022-04-19,102.37000000,109.00000000,101.02000000,108.51000000,2675360.43000000,2675360.43000000
622,2022-04-18,100.15000000,102.65000000,94.62000000,102.33000000,2751434.83000000,2751434.83000000
623,2022-04-17,102.06000000,105.44000000,99.62000000,100.15000000,1509800.04000000,1509800.04000000
624,2022-04-16,101.38000000,103.50000000,100.71000000,102.06000000,1006216.36000000,1006216.36000000
625,2022-04-15,100.77000000,102.91000000,99.55000000,101.31000000,1384490.37000000,1384490.37000000
626,2022-04-14,104.92000000,107.72000000,98.77000000,100.77000000,2711073.76000000,2711073.76000000
627,2022-04-13,103.21000000,106.04000000,100.09000000,104.94000000,2204306.40000000,2204306.40000000
628,2022-04-12,99.64000000,109.36000000,98.31000000,103.22000000,3527634.19000000,3527634.19000000
629,2022-04-11,111.06000000,111.94000000,98.10000000,99.67000000,3332133.13000000,3332133.13000000
630,2022-04-10,112.97000000,116.09000000,109.71000000,111.07000000,1560720.04000000,1560720.04000000
631,2022-04-09,109.92000000,113.69000000,108.28000000,112.96000000,1376896.77000000,1376896.77000000
632,2022-04-08,118.47000000,122.42000000,108.10000000,109.92000000,3328966.49000000,3328966.49000000
633,2022-04-07,112.94000000,120.00000000,110.88000000,118.48000000,3326346.75000000,3326346.75000000
634,2022-04-06,126.88000000,127.40000000,112.10000000,112.95000000,4266870.20000000,4266870.20000000
635,2022-04-05,132.14000000,136.63000000,126.07000000,126.87000000,2833885.54000000,2833885.54000000
636,2022-04-04,136.90000000,138.29000000,125.82000000,132.14000000,3456901.43000000,3456901.43000000
637,2022-04-03,132.48000000,141.11000000,130.52000000,136.90000000,2964507.05000000,2964507.05000000
638,2022-04-02,134.53000000,143.51000000,131.47000000,132.49000000,4193984.20000000,4193984.20000000
639,2022-04-01,122.79000000,138.40000000,117.39000000,134.52000000,5505077.63000000,5505077.63000000
640,2022-03-31,120.82000000,129.50000000,119.95000000,122.77000000,5143974.90000000,5143974.90000000
641,2022-03-30,111.62000000,125.26000000,107.11000000,120.82000000,5250424.16000000,5250424.16000000
642,2022-03-29,105.75000000,115.70000000,105.49000000,111.62000000,3727259.92000000,3727259.92000000
643,2022-03-28,107.04000000,113.87000000,105.22000000,105.75000000,4146023.22000000,4146023.22000000
644,2022-03-27,101.73000000,107.46000000,98.77000000,107.04000000,2351080.64000000,2351080.64000000
645,2022-03-26,98.60000000,103.40000000,97.63000000,101.73000000,1906343.44000000,1906343.44000000
646,2022-03-25,102.32000000,104.86000000,96.95000000,98.60000000,3360440.57000000,3360440.57000000
647,2022-03-24,94.88000000,103.70000000,93.26000000,102.32000000,4777008.51000000,4777008.51000000
648,2022-03-23,90.44000000,96.36000000,89.19000000,94.89000000,2854825.20000000,2854825.20000000
649,2022-03-22,88.58000000,93.98000000,88.00000000,90.43000000,2611345.56000000,2611345.56000000
650,2022-03-21,88.62000000,91.28000000,86.74000000,88.59000000,1985082.57000000,1985082.57000000
651,2022-03-20,92.31000000,92.55000000,87.82000000,88.62000000,1500458.29000000,1500458.29000000
652,2022-03-19,89.81000000,94.55000000,89.25000000,92.31000000,2058348.96000000,2058348.96000000
653,2022-03-18,87.80000000,92.28000000,84.41000000,89.80000000,2935949.01000000,2935949.01000000
654,2022-03-17,87.77000000,91.00000000,86.58000000,87.80000000,2616451.80000000,2616451.80000000
655,2022-03-16,82.84000000,87.98000000,81.53000000,87.77000000,2638790.33000000,2638790.33000000
656,2022-03-15,81.23000000,85.99000000,78.72000000,82.84000000,2123603.37000000,2123603.37000000
657,2022-03-14,78.72000000,82.29000000,78.00000000,81.22000000,2079919.39000000,2079919.39000000
658,2022-03-13,81.40000000,83.34000000,77.65000000,78.73000000,2009434.97000000,2009434.97000000
659,2022-03-12,80.67000000,82.75000000,80.57000000,81.38000000,1362268.13000000,1362268.13000000
660,2022-03-11,82.86000000,84.29000000,80.07000000,80.67000000,2528334.85000000,2528334.85000000
661,2022-03-10,88.06000000,88.57000000,80.63000000,82.87000000,2828491.21000000,2828491.21000000
662,2022-03-09,82.32000000,89.92000000,81.90000000,88.06000000,3355218.73000000,3355218.73000000
663,2022-03-08,81.65000000,85.04000000,81.30000000,82.32000000,2604534.79000000,2604534.79000000
664,2022-03-07,84.58000000,86.71000000,79.92000000,81.66000000,3230989.34000000,3230989.34000000
665,2022-03-06,89.61000000,89.96000000,84.09000000,84.57000000,1828270.57000000,1828270.57000000
666,2022-03-05,88.33000000,91.22000000,86.00000000,89.63000000,1495553.50000000,1495553.50000000
667,2022-03-04,95.63000000,95.94000000,87.00000000,88.32000000,2854970.19000000,2854970.19000000
668,2022-03-03,100.69000000,101.70000000,94.00000000,95.62000000,2595560.67000000,2595560.67000000
669,2022-03-02,98.65000000,106.43000000,96.76000000,100.68000000,4306326.64000000,4306326.64000000
670,2022-03-01,99.67000000,102.03000000,94.21000000,98.66000000,3665336.76000000,3665336.76000000
671,2022-02-28,85.61000000,103.00000000,84.17000000,99.68000000,4212075.57000000,4212075.57000000
672,2022-02-27,90.25000000,92.19000000,84.08000000,85.63000000,2593533.97000000,2593533.97000000
673,2022-02-26,92.73000000,95.49000000,89.23000000,90.23000000,2279602.17000000,2279602.17000000
674,2022-02-25,89.35000000,95.00000000,86.86000000,92.71000000,3691896.58000000,3691896.58000000
675,2022-02-24,84.58000000,93.90000000,75.35000000,89.36000000,7497540.08000000,7497540.08000000
676,2022-02-23,86.39000000,93.40000000,84.38000000,84.59000000,3193694.10000000,3193694.10000000
677,2022-02-22,82.95000000,87.56000000,81.06000000,86.38000000,2835554.36000000,2835554.36000000
678,2022-02-21,90.70000000,96.14000000,82.62000000,82.96000000,4063082.80000000,4063082.80000000
679,2022-02-20,91.27000000,94.50000000,85.56000000,90.72000000,2559473.54000000,2559473.54000000
680,2022-02-19,89.86000000,92.75000000,88.60000000,91.27000000,1285578.14000000,1285578.14000000
681,2022-02-18,93.55000000,96.37000000,89.31000000,89.86000000,2010076.65000000,2010076.65000000
682,2022-02-17,101.85000000,102.82000000,92.33000000,93.52000000,2001081.30000000,2001081.30000000
683,2022-02-16,105.52000000,105.60000000,98.27000000,101.86000000,2123159.11000000,2123159.11000000
684,2022-02-15,96.39000000,105.77000000,96.38000000,105.52000000,2362223.45000000,2362223.45000000
685,2022-02-14,92.85000000,97.99000000,90.72000000,96.37000000,1792721.30000000,1792721.30000000
686,2022-02-13,95.98000000,97.36000000,91.35000000,92.85000000,1216083.38000000,1216083.38000000
687,2022-02-12,96.53000000,99.79000000,92.80000000,95.96000000,1803930.67000000,1803930.67000000
688,2022-02-11,106.18000000,108.14000000,95.14000000,96.53000000,2537227.68000000,2537227.68000000
689,2022-02-10,113.96000000,115.38000000,105.68000000,106.17000000,2781581.77000000,2781581.77000000
690,2022-02-09,113.44000000,117.08000000,109.40000000,113.93000000,2114411.38000000,2114411.38000000
691,2022-02-08,117.57000000,120.36000000,109.66000000,113.45000000,2811497.50000000,2811497.50000000
692,2022-02-07,115.26000000,121.93000000,112.69000000,117.55000000,2730695.80000000,2730695.80000000
693,2022-02-06,113.74000000,116.06000000,111.09000000,115.28000000,1561795.12000000,1561795.12000000
694,2022-02-05,112.63000000,118.60000000,110.22000000,113.75000000,2649019.14000000,2649019.14000000
695,2022-02-04,101.83000000,112.81000000,100.28000000,112.62000000,4186388.28000000,4186388.28000000
696,2022-02-03,101.91000000,103.13000000,94.00000000,101.77000000,3886563.56000000,3886563.56000000
697,2022-02-02,109.99000000,112.35000000,96.99000000,101.88000000,4863358.10000000,4863358.10000000
698,2022-02-01,99.50000000,113.66000000,99.02000000,110.02000000,4190507.65000000,4190507.65000000
699,2022-01-31,93.26000000,101.40000000,89.18000000,99.49000000,2414101.55000000,2414101.55000000
700,2022-01-30,96.15000000,97.60000000,91.38000000,93.29000000,1258037.51000000,1258037.51000000
701,2022-01-29,91.35000000,98.93000000,90.50000000,96.13000000,2050891.76000000,2050891.76000000
702,2022-01-28,89.51000000,93.55000000,87.21000000,91.34000000,2647317.17000000,2647317.17000000
703,2022-01-27,92.11000000,94.60000000,85.71000000,89.51000000,3530017.76000000,3530017.76000000
704,2022-01-26,94.65000000,104.43000000,89.19000000,92.12000000,4501340.69000000,4501340.69000000
705,2022-01-25,91.94000000,99.95000000,87.41000000,94.67000000,3482711.32000000,3482711.32000000
706,2022-01-24,99.74000000,99.83000000,80.83000000,91.93000000,6990036.71000000,6990036.71000000
707,2022-01-23,94.57000000,104.82000000,93.25000000,99.78000000,3561751.04000000,3561751.04000000
708,2022-01-22,112.24000000,114.89000000,87.73000000,94.54000000,6455608.98000000,6455608.98000000
709,2022-01-21,127.54000000,128.73000000,106.11000000,112.27000000,4523020.69000000,4523020.69000000
710,2022-01-20,135.23000000,143.83000000,126.01000000,127.54000000,1464593.98000000,1464593.98000000
711,2022-01-19,141.32000000,142.70000000,132.77000000,135.25000000,1175171.39000000,1175171.39000000
712,2022-01-18,139.81000000,142.77000000,134.39000000,141.22000000,1254337.17000000,1254337.17000000
713,2022-01-17,147.98000000,148.29000000,137.02000000,139.80000000,1297654.14000000,1297654.14000000
714,2022-01-16,147.61000000,151.96000000,146.09000000,147.98000000,964270.14000000,964270.14000000
715,2022-01-15,146.18000000,149.49000000,143.90000000,147.64000000,865014.75000000,865014.75000000
716,2022-01-14,146.13000000,150.56000000,141.84000000,146.17000000,1428145.30000000,1428145.30000000
717,2022-01-13,151.50000000,157.80000000,145.41000000,146.14000000,1984121.59000000,1984121.59000000
718,2022-01-12,140.19000000,153.39000000,138.22000000,151.51000000,1946788.76000000,1946788.76000000
719,2022-01-11,135.84000000,143.50000000,133.58000000,140.20000000,1328579.57000000,1328579.57000000
720,2022-01-10,140.82000000,143.86000000,130.00000000,135.86000000,1894512.51000000,1894512.51000000
721,2022-01-09,142.10000000,145.71000000,137.83000000,140.82000000,1435153.15000000,1435153.15000000
722,2022-01-08,136.43000000,148.11000000,133.00000000,142.14000000,2695415.51000000,2695415.51000000
723,2022-01-07,150.28000000,150.72000000,133.08000000,136.45000000,2719397.30000000,2719397.30000000
724,2022-01-06,154.48000000,154.80000000,145.98000000,150.26000000,1575071.30000000,1575071.30000000
725,2022-01-05,167.74000000,171.32000000,144.92000000,154.52000000,1659848.17000000,1659848.17000000
726,2022-01-04,170.14000000,173.93000000,166.47000000,167.72000000,1041332.63000000,1041332.63000000
727,2022-01-03,176.34000000,176.49000000,166.59000000,170.15000000,1031316.43000000,1031316.43000000
728,2022-01-02,179.06000000,179.53000000,174.31000000,176.35000000,620087.38000000,620087.38000000
729,2022-01-01,170.01000000,179.20000000,169.93000000,179.06000000,634599.39000000,634599.39000000
730,2021-12-31,172.53000000,177.65000000,167.67000000,169.99000000,1026603.34000000,1026603.34000000
731,2021-12-30,170.65000000,175.74000000,168.17000000,172.52000000,1022709.31000000,1022709.31000000
732,2021-12-29,177.28000000,180.62000000,170.01000000,170.63000000,1540603.75000000,1540603.75000000
733,2021-12-28,195.68000000,195.68000000,176.20000000,177.32000000,1997243.20000000,1997243.20000000
734,2021-12-27,197.85000000,204.75000000,194.71000000,195.67000000,1218499.70000000,1218499.70000000
735,2021-12-26,193.03000000,200.59000000,190.22000000,197.81000000,1539530.03000000,1539530.03000000
736,2021-12-25,190.37000000,195.00000000,189.08000000,193.10000000,1047151.86000000,1047151.86000000
737,2021-12-24,190.08000000,197.55000000,184.14000000,190.36000000,1657463.56000000,1657463.56000000
738,2021-12-23,178.38000000,193.50000000,175.64000000,190.03000000,1726907.30000000,1726907.30000000
739,2021-12-22,179.62000000,187.55000000,177.05000000,178.40000000,1379639.45000000,1379639.45000000
740,2021-12-21,173.90000000,182.54000000,170.27000000,179.63000000,1302766.60000000,1302766.60000000
741,2021-12-20,179.90000000,181.18000000,168.49000000,173.90000000,1448185.80000000,1448185.80000000
742,2021-12-19,182.78000000,189.43000000,177.99000000,179.93000000,1217882.60000000,1217882.60000000
743,2021-12-18,175.48000000,184.24000000,170.96000000,182.78000000,1218448.99000000,1218448.99000000
744,2021-12-17,176.89000000,182.50000000,167.88000000,175.51000000,2308612.94000000,2308612.94000000
745,2021-12-16,178.53000000,189.00000000,174.37000000,176.86000000,2482901.38000000,2482901.38000000
746,2021-12-15,161.25000000,182.64000000,156.81000000,178.52000000,3328550.89000000,3328550.89000000
747,2021-12-14,155.20000000,163.35000000,149.60000000,161.26000000,2151408.98000000,2151408.98000000
748,2021-12-13,172.83000000,172.83000000,148.04000000,155.21000000,2470231.82000000,2470231.82000000
749,2021-12-12,172.15000000,176.85000000,167.64000000,172.80000000,976615.96000000,976615.96000000
750,2021-12-11,167.39000000,173.80000000,161.33000000,172.15000000,1541656.11000000,1541656.11000000
751,2021-12-10,181.08000000,184.60000000,167.00000000,167.39000000,1862906.90000000,1862906.90000000
752,2021-12-09,194.61000000,196.60000000,178.64000000,181.11000000,1664934.25000000,1664934.25000000
753,2021-12-08,190.24000000,196.27000000,183.50000000,194.61000000,1670677.66000000,1670677.66000000
754,2021-12-07,193.57000000,204.10000000,187.26000000,190.19000000,1939707.91000000,1939707.91000000
755,2021-12-06,196.49000000,197.71000000,176.17000000,193.56000000,2815245.83000000,2815245.83000000
756,2021-12-05,200.68000000,204.51000000,181.44000000,196.43000000,2482292.26000000,2482292.26000000
757,2021-12-04,211.65000000,212.62000000,169.00000000,200.67000000,4895759.09000000,4895759.09000000
758,2021-12-03,233.59000000,239.37000000,204.68000000,211.65000000,2867134.41000000,2867134.41000000
759,2021-12-02,229.81000000,243.12000000,220.00000000,233.60000000,3042712.67000000,3042712.67000000
760,2021-12-01,208.52000000,232.63000000,207.89000000,229.81000000,2589478.23000000,2589478.23000000
761,2021-11-30,204.10000000,218.28000000,199.55000000,208.53000000,2176734.39000000,2176734.39000000
762,2021-11-29,200.71000000,212.75000000,199.63000000,204.09000000,1458763.57000000,1458763.57000000
763,2021-11-28,192.74000000,202.10000000,180.93000000,200.69000000,1560980.85000000,1560980.85000000
764,2021-11-27,192.37000000,199.39000000,190.61000000,192.74000000,1028955.27000000,1028955.27000000
765,2021-11-26,209.94000000,210.53000000,182.70000000,192.42000000,2776105.44000000,2776105.44000000
766,2021-11-25,205.76000000,216.35000000,201.93000000,209.97000000,1764837.19000000,1764837.19000000
767,2021-11-24,221.76000000,222.47000000,200.14000000,205.70000000,1878172.55000000,1878172.55000000
768,2021-11-23,215.58000000,226.08000000,210.91000000,221.75000000,1654017.24000000,1654017.24000000
769,2021-11-22,230.56000000,231.99000000,211.60000000,215.59000000,2456703.81000000,2456703.81000000
770,2021-11-21,217.64000000,240.00000000,210.53000000,230.51000000,1888280.05000000,1888280.05000000
771,2021-11-20,215.25000000,221.17000000,205.84000000,217.63000000,1560552.25000000,1560552.25000000
772,2021-11-19,195.19000000,219.59000000,188.99000000,215.25000000,2712585.78000000,2712585.78000000
773,2021-11-18,218.90000000,222.78000000,186.50000000,195.01000000,3077799.94000000,3077799.94000000
774,2021-11-17,219.09000000,222.44000000,209.53000000,218.94000000,2094790.54000000,2094790.54000000
775,2021-11-16,238.18000000,238.21000000,213.81000000,219.04000000,2557623.67000000,2557623.67000000
776,2021-11-15,238.63000000,246.36000000,234.49000000,238.20000000,1921128.24000000,1921128.24000000
777,2021-11-14,241.58000000,242.00000000,230.40000000,238.64000000,1075144.87000000,1075144.87000000
778,2021-11-13,228.46000000,241.97000000,224.79000000,241.59000000,1458387.39000000,1458387.39000000
779,2021-11-12,233.34000000,239.09000000,220.83000000,228.48000000,2114721.23000000,2114721.23000000
780,2021-11-11,233.06000000,246.50000000,229.40000000,233.37000000,1997993.90000000,1997993.90000000
781,2021-11-10,239.06000000,248.00000000,217.50000000,233.09000000,3092477.23000000,3092477.23000000
782,2021-11-09,248.27000000,253.22000000,237.62000000,239.04000000,2217088.06000000,2217088.06000000
783,2021-11-08,249.62000000,253.30000000,240.68000000,248.26000000,2301351.76000000,2301351.76000000
784,2021-11-07,258.41000000,258.66000000,245.65000000,249.68000000,1923092.87000000,1923092.87000000
785,2021-11-06,236.04000000,259.90000000,234.79000000,258.44000000,3046062.46000000,3046062.46000000
786,2021-11-05,247.06000000,248.84000000,230.34000000,236.06000000,2233800.23000000,2233800.23000000
787,2021-11-04,243.37000000,250.50000000,234.00000000,247.07000000,3552648.58000000,3552648.58000000
788,2021-11-03,220.81000000,247.00000000,215.69000000,243.37000000,5253716.35200000,5253716.35200000
789,2021-11-02,203.91000000,222.22000000,200.97000000,220.82000000,2876704.54200000,2876704.54200000
790,2021-11-01,202.53000000,211.66000000,197.70000000,203.90000000,3150076.28000000,3150076.28000000
791,2021-10-31,195.69000000,205.00000000,185.31000000,202.49000000,2375757.35000000,2375757.35000000
792,2021-10-30,200.36000000,200.62000000,187.30000000,195.70000000,1609573.37000000,1609573.37000000
793,2021-10-29,195.37000000,205.22000000,194.45000000,200.41000000,2484214.02000000,2484214.02000000
794,2021-10-28,184.45000000,201.38000000,181.64000000,195.42000000,3503774.60000000,3503774.60000000
795,2021-10-27,199.87000000,205.49000000,176.94000000,184.49000000,5003626.21000000,5003626.21000000
796,2021-10-26,209.73000000,214.20000000,196.36000000,199.85000000,3168707.16000000,3168707.16000000
797,2021-10-25,202.15000000,218.93000000,198.00000000,209.70000000,4914479.29000000,4914479.29000000
798,2021-10-24,197.75000000,204.86000000,185.22000000,202.14000000,3573960.26000000,3573960.26000000
799,2021-10-23,196.29000000,205.78000000,191.86000000,197.75000000,3274703.05000000,3274703.05000000
800,2021-10-22,190.46000000,215.10000000,187.96000000,196.29000000,8364239.42000000,8364239.42000000
801,2021-10-21,176.72000000,194.21000000,176.70000000,190.50000000,7853710.77000000,7853710.77000000
802,2021-10-20,155.77000000,176.87000000,155.00000000,176.72000000,3884374.70000000,3884374.70000000
803,2021-10-19,157.12000000,159.45000000,153.06000000,155.78000000,1821550.17000000,1821550.17000000
804,2021-10-18,160.11000000,162.98000000,154.91000000,157.12000000,2240606.17000000,2240606.17000000
805,2021-10-17,157.54000000,167.65000000,153.13000000,160.12000000,3070422.13000000,3070422.13000000
806,2021-10-16,163.15000000,164.80000000,156.36000000,157.54000000,1985241.59000000,1985241.59000000
807,2021-10-15,150.01000000,165.75000000,146.68000000,163.18000000,5388612.07000000,5388612.07000000
808,2021-10-14,148.05000000,155.65000000,147.27000000,150.02000000,2654600.61000000,2654600.61000000
809,2021-10-13,152.35000000,155.56000000,144.28000000,148.04000000,2760546.00000000,2760546.00000000
810,2021-10-12,144.79000000,153.50000000,137.61000000,152.32000000,3377483.32000000,3377483.32000000
811,2021-10-11,147.56000000,154.00000000,140.24000000,144.77000000,2211323.14000000,2211323.14000000
812,2021-10-10,156.80000000,158.50000000,145.55000000,147.55000000,2037895.69000000,2037895.69000000
813,2021-10-09,158.88000000,161.54000000,154.18000000,156.84000000,1833309.02000000,1833309.02000000
814,2021-10-08,154.26000000,168.97000000,152.39000000,158.86000000,3735085.38000000,3735085.38000000
815,2021-10-07,153.90000000,161.42000000,150.34000000,154.26000000,3251376.58000000,3251376.58000000
816,2021-10-06,164.64000000,165.42000000,150.10000000,153.87000000,4499161.76000000,4499161.76000000
817,2021-10-05,167.13000000,170.18000000,159.68000000,164.62000000,3378441.71000000,3378441.71000000
818,2021-10-04,172.99000000,173.34000000,162.00000000,167.13000000,4312499.92000000,4312499.92000000
819,2021-10-03,169.00000000,177.79000000,165.58000000,172.98000000,4233767.25000000,4233767.25000000
820,2021-10-02,161.62000000,175.00000000,156.06000000,168.98000000,5059987.02000000,5059987.02000000
821,2021-10-01,141.38000000,164.95000000,138.25000000,161.56000000,6742166.88000000,6742166.88000000
822,2021-09-30,135.24000000,142.95000000,134.02000000,141.37000000,3361454.58000000,3361454.58000000
823,2021-09-29,132.22000000,140.17000000,131.12000000,135.25000000,3685498.28000000,3685498.28000000
824,2021-09-28,136.34000000,139.40000000,128.17000000,132.20000000,3899945.58000000,3899945.58000000
825,2021-09-27,135.70000000,148.92000000,133.72000000,136.35000000,5195624.27000000,5195624.27000000
826,2021-09-26,136.05000000,140.81000000,124.80000000,135.64000000,4342156.13000000,4342156.13000000
827,2021-09-25,139.11000000,144.18000000,133.54000000,136.06000000,3212733.31000000,3212733.31000000
828,2021-09-24,149.90000000,151.20000000,128.15000000,139.13000000,6710404.45000000,6710404.45000000
829,2021-09-23,148.02000000,152.50000000,142.92000000,149.91000000,5188932.77000000,5188932.77000000
830,2021-09-22,124.30000000,151.36000000,122.10000000,148.02000000,7460596.34000000,7460596.34000000
831,2021-09-21,132.77000000,144.64000000,116.00000000,124.29000000,9608867.72000000,9608867.72000000
832,2021-09-20,152.78000000,153.43000000,130.26000000,132.77000000,10153368.71000000,10153368.71000000
833,2021-09-19,169.22000000,170.96000000,150.60000000,152.76000000,4945800.10000000,4945800.10000000
834,2021-09-18,147.59000000,171.47000000,144.10000000,169.22000000,8229799.94000000,8229799.94000000
835,2021-09-17,152.30000000,153.55000000,134.00000000,147.58000000,7629925.55000000,7629925.55000000
836,2021-09-16,158.77000000,163.50000000,147.35000000,152.29000000,4739595.73000000,4739595.73000000
837,2021-09-15,158.72000000,166.50000000,153.69000000,158.79000000,6107319.60000000,6107319.60000000
838,2021-09-14,169.54000000,171.83000000,142.60000000,158.88000000,7981396.52000000,7981396.52000000
839,2021-09-13,174.31000000,175.00000000,150.30000000,169.53000000,8423839.46000000,8423839.46000000
840,2021-09-12,179.05000000,181.75000000,170.15000000,174.29000000,3661211.64000000,3661211.64000000
841,2021-09-11,179.60000000,193.51000000,175.14000000,179.04000000,6794663.25000000,6794663.25000000
842,2021-09-10,187.89000000,197.41000000,167.82000000,179.60000000,9055410.70000000,9055410.70000000
843,2021-09-09,191.02000000,216.00000000,180.70000000,187.90000000,16349677.82000000,16349677.82000000
844,2021-09-08,173.49000000,198.00000000,146.50000000,191.02000000,16666845.80000000,16666845.80000000
845,2021-09-07,164.19000000,195.48000000,128.01000000,173.46000000,24376489.01100000,24376489.01100000
846,2021-09-06,141.98000000,166.13000000,136.92000000,164.22000000,8435542.35300000,8435542.35300000
847,2021-09-05,138.88000000,144.99000000,134.74000000,142.00000000,4619885.42000000,4619885.42000000
848,2021-09-04,146.36000000,150.60000000,135.73000000,138.88000000,6134062.52600000,6134062.52600000
849,2021-09-03,128.20000000,148.99000000,128.12000000,146.40000000,11927061.37000000,11927061.37000000
850,2021-09-02,110.71000000,131.96000000,109.18000000,128.23000000,9206853.47200000,9206853.47200000
851,2021-09-01,108.27000000,119.72000000,105.89000000,110.71000000,8028303.79000000,8028303.79000000
852,2021-08-31,110.26000000,130.11000000,103.06000000,108.27000000,16509565.59200000,16509565.59200000
853,2021-08-30,94.23000000,116.84000000,93.58000000,110.25000000,11109542.61500000,11109542.61500000
854,2021-08-29,96.17000000,97.82000000,90.30000000,94.23000000,4171861.65000000,4171861.65000000
855,2021-08-28,87.98000000,97.82000000,85.59000000,96.22000000,5774371.25800000,5774371.25800000
856,2021-08-27,74.92000000,88.92000000,72.55000000,87.98000000,8785637.09300000,8785637.09300000
857,2021-08-26,71.98200000,78.30000000,66.20000000,74.92000000,6563670.74700000,6563670.74700000
858,2021-08-25,70.51900000,72.83000000,66.03000000,71.97300000,5069064.80400000,5069064.80400000
859,2021-08-24,75.64700000,79.45000000,68.50000000,70.52700000,6792636.13700000,6792636.13700000
860,2021-08-23,72.75100000,76.81000000,71.54500000,75.62300000,4150780.59500000,4150780.59500000
861,2021-08-22,73.85200000,77.60000000,71.24400000,72.77500000,2862187.05300000,2862187.05300000
862,2021-08-21,78.68400000,82.00000000,72.60000000,73.80100000,5131799.36200000,5131799.36200000
863,2021-08-20,72.80000000,80.00000000,70.87300000,78.64300000,5705076.72200000,5705076.72200000
864,2021-08-19,72.65900000,75.43600000,68.24000000,72.76400000,7819221.59800000,7819221.59800000
865,2021-08-18,64.13500000,80.50000000,59.72200000,72.66300000,15022132.45300000,15022132.45300000
866,2021-08-17,62.04200000,75.15500000,58.82200000,64.12300000,14953825.95000000,14953825.95000000
867,2021-08-16,53.51500000,69.13200000,52.26900000,62.01600000,15014364.92800000,15014364.92800000
868,2021-08-15,44.12400000,54.80000000,43.36100000,53.53100000,6264283.56500000,6264283.56500000
869,2021-08-14,44.85900000,44.87400000,42.72700000,44.14000000,1548818.72200000,1548818.72200000
870,2021-08-13,41.10500000,44.91100000,40.66800000,44.83000000,2281339.99000000,2281339.99000000
871,2021-08-12,41.61900000,43.40100000,39.31600000,41.10200000,2413664.41200000,2413664.41200000
872,2021-08-11,40.63900000,43.72900000,40.60500000,41.62100000,2512250.55500000,2512250.55500000
873,2021-08-10,38.64600000,41.67800000,38.18300000,40.64000000,2603195.66500000,2603195.66500000
874,2021-08-09,37.65300000,39.99900000,36.35100000,38.64600000,2128198.74100000,2128198.74100000
875,2021-08-08,39.45400000,39.54900000,36.89600000,37.65000000,2030535.72300000,2030535.72300000
876,2021-08-07,39.50200000,40.50000000,37.50200000,39.46900000,3561767.70100000,3561767.70100000
877,2021-08-06,37.35400000,40.40000000,35.61100000,39.52500000,3951317.57400000,3951317.57400000
878,2021-08-05,35.75700000,38.26700000,35.50000000,37.35300000,4059371.08300000,4059371.08300000
879,2021-08-04,34.09400000,36.65800000,33.23600000,35.76000000,2847838.66900000,2847838.66900000
880,2021-08-03,33.17700000,35.90000000,32.32700000,34.10500000,3490191.63800000,3490191.63800000
881,2021-08-02,34.17800000,35.95000000,33.00000000,33.16700000,3105881.29400000,3105881.29400000
882,2021-08-01,36.74200000,36.82200000,33.16500000,34.16500000,3490975.15800000,3490975.15800000
883,2021-07-31,32.35400000,37.00400000,31.65300000,36.74400000,4320145.53700000,4320145.53700000
884,2021-07-30,31.23800000,33.08400000,29.91000000,32.35400000,4970660.00900000,4970660.00900000
885,2021-07-29,27.89100000,31.88800000,27.31900000,31.23500000,3692050.44500000,3692050.44500000
886,2021-07-28,28.11900000,28.76000000,27.35400000,27.87500000,2329901.55900000,2329901.55900000
887,2021-07-27,28.18300000,28.95000000,26.89300000,28.10300000,3008374.75700000,3008374.75700000
888,2021-07-26,28.24700000,31.11500000,27.83000000,28.18400000,6221691.89700000,6221691.89700000
889,2021-07-25,28.62600000,28.89800000,26.50000000,28.24800000,2350991.53400000,2350991.53400000
890,2021-07-24,28.53000000,29.54800000,28.01300000,28.61600000,2678108.81000000,2678108.81000000
891,2021-07-23,27.70000000,28.71300000,26.38500000,28.51600000,3040520.32100000,3040520.32100000
892,2021-07-22,26.70600000,28.17000000,25.91000000,27.69900000,2643783.14400000,2643783.14400000
893,2021-07-21,23.48400000,27.46100000,22.80000000,26.70000000,4561993.00700000,4561993.00700000
894,2021-07-20,24.52400000,24.98200000,22.10000000,23.47400000,3555428.54200000,3555428.54200000
895,2021-07-19,26.67900000,26.71000000,23.97500000,24.50900000,3131177.97700000,3131177.97700000
896,2021-07-18,26.78900000,27.75600000,26.23300000,26.67300000,1727601.78800000,1727601.78800000
897,2021-07-17,26.26900000,27.83600000,25.97900000,26.80200000,2122389.10100000,2122389.10100000
898,2021-07-16,28.56200000,29.47800000,26.19600000,26.27100000,2923575.79200000,2923575.79200000
899,2021-07-15,31.36500000,31.48500000,27.97500000,28.54500000,3643011.52900000,3643011.52900000
900,2021-07-14,29.15400000,31.50000000,27.36300000,31.36500000,3434185.17800000,3434185.17800000
901,2021-07-13,30.77000000,31.09600000,28.81000000,29.13600000,1837132.43600000,1837132.43600000
902,2021-07-12,32.17300000,32.69600000,30.01100000,30.77000000,2251239.26900000,2251239.26900000
903,2021-07-11,31.71600000,32.56800000,31.30000000,32.18200000,1944815.80400000,1944815.80400000
904,2021-07-10,33.31500000,34.21500000,31.02500000,31.69300000,2838074.58600000,2838074.58600000
905,2021-07-09,33.13400000,34.46000000,31.97600000,33.31500000,2810263.60200000,2810263.60200000
906,2021-07-08,36.66700000,36.93400000,32.65400000,33.14200000,4495022.54000000,4495022.54000000
907,2021-07-07,34.22100000,38.10000000,33.82000000,36.67300000,4609258.55300000,4609258.55300000
908,2021-07-06,32.90800000,35.04100000,32.88300000,34.22600000,3289698.06100000,3289698.06100000
909,2021-07-05,34.27800000,34.49000000,32.37000000,32.90800000,3008984.08200000,3008984.08200000
910,2021-07-04,34.49700000,35.53100000,33.53300000,34.28000000,2972213.41800000,2972213.41800000
911,2021-07-03,34.00100000,35.40600000,33.21700000,34.49800000,3063406.14100000,3063406.14100000
912,2021-07-02,33.27000000,34.21700000,31.36700000,34.00000000,4324198.27600000,4324198.27600000
913,2021-07-01,35.51000000,35.56700000,32.17000000,33.27100000,4488924.89900000,4488924.89900000
914,2021-06-30,33.97400000,36.00000000,31.55500000,35.51000000,5361423.66500000,5361423.66500000
915,2021-06-29,33.01800000,35.83700000,32.66500000,33.97000000,4476285.79200000,4476285.79200000
916,2021-06-28,31.88300000,34.34000000,30.96100000,33.00100000,4996728.01300000,4996728.01300000
917,2021-06-27,29.69100000,31.95000000,29.18600000,31.89700000,5851211.91400000,5851211.91400000
918,2021-06-26,28.61900000,30.18100000,26.65900000,29.69800000,6492984.23400000,6492984.23400000
919,2021-06-25,31.14400000,32.98900000,27.94900000,28.64100000,7293143.17600000,7293143.17600000
920,2021-06-24,30.83500000,33.00000000,28.48100000,31.14100000,7214092.91200000,7214092.91200000
921,2021-06-23,26.95700000,32.90000000,25.62600000,30.83700000,11966311.25300000,11966311.25300000
922,2021-06-22,26.59700000,28.81300000,20.18700000,26.95800000,15788825.95600000,15788825.95600000
923,2021-06-21,35.24800000,35.49900000,25.92500000,26.59000000,8213916.62700000,8213916.62700000
924,2021-06-20,35.19500000,35.94900000,31.30000000,35.25700000,3938821.53000000,3938821.53000000
925,2021-06-19,36.80200000,37.31800000,34.90100000,35.19000000,2216638.02800000,2216638.02800000
926,2021-06-18,39.25900000,39.50200000,34.89800000,36.82000000,3777138.80600000,3777138.80600000
927,2021-06-17,39.73000000,41.26400000,38.21100000,39.26500000,3274621.97800000,3274621.97800000
928,2021-06-16,39.51300000,41.75000000,37.45500000,39.72800000,5055331.86800000,5055331.86800000
929,2021-06-15,39.70000000,41.74100000,39.15400000,39.53600000,3725999.56100000,3725999.56100000
930,2021-06-14,38.71300000,40.56100000,36.62700000,39.69400000,4590144.27900000,4590144.27900000
931,2021-06-13,36.49200000,39.44200000,34.72000000,38.70600000,4063329.11200000,4063329.11200000
932,2021-06-12,36.13100000,37.64000000,34.10000000,36.47600000,5196242.99800000,5196242.99800000
933,2021-06-11,41.09100000,41.37600000,35.07400000,36.15700000,4760990.07800000,4760990.07800000
934,2021-06-10,42.03200000,43.09700000,39.45900000,41.10500000,5155108.07100000,5155108.07100000
935,2021-06-09,41.24500000,44.00000000,39.29100000,42.03200000,10764252.93600000,10764252.93600000
936,2021-06-08,38.20000000,42.59600000,33.60000000,41.24500000,16902544.67500000,16902544.67500000
937,2021-06-07,42.20000000,44.20000000,37.80000000,38.23500000,8050031.33500000,8050031.33500000
938,2021-06-06,39.66300000,43.40000000,38.91200000,42.20500000,6151664.29400000,6151664.29400000
939,2021-06-05,37.35600000,42.78700000,36.98200000,39.63300000,8654823.19500000,8654823.19500000
940,2021-06-04,39.59900000,39.73700000,34.18700000,37.33800000,8825815.93800000,8825815.93800000
941,2021-06-03,33.99400000,41.52300000,33.73600000,39.60200000,7862225.09400000,7862225.09400000
942,2021-06-02,30.93100000,35.12900000,30.40200000,33.99400000,4549289.13300000,4549289.13300000
943,2021-06-01,32.75900000,33.28500000,29.85200000,30.93800000,4046865.20200000,4046865.20200000
944,2021-05-31,28.57300000,33.01400000,27.48900000,32.75000000,5173286.47100000,5173286.47100000
945,2021-05-30,27.40700000,29.78100000,25.58600000,28.58800000,3964240.91900000,3964240.91900000
946,2021-05-29,28.99300000,30.06600000,25.70000000,27.38800000,3911549.60000000,3911549.60000000
947,2021-05-28,33.76100000,34.55100000,28.00000000,28.98900000,6370726.75100000,6370726.75100000
948,2021-05-27,35.42700000,35.59400000,30.97600000,33.74700000,5698854.67600000,5698854.67600000
949,2021-05-26,29.98500000,37.25000000,28.85800000,35.43000000,10601343.23400000,10601343.23400000
950,2021-05-25,31.42000000,33.19500000,25.91500000,29.97300000,10300933.60800000,10300933.60800000
951,2021-05-24,24.53000000,32.19000000,24.49600000,31.41600000,15414302.32300000,15414302.32300000
952,2021-05-23,31.22200000,32.40000000,19.11700000,24.53600000,25787150.86400000,25787150.86400000
953,2021-05-22,38.92500000,40.00000000,31.13400000,31.22200000,10122098.00500000,10122098.00500000
954,2021-05-21,44.36700000,47.70000000,33.67300000,38.92500000,13740700.64100000,13740700.64100000
955,2021-05-20,34.98700000,53.00000000,32.00000000,44.42000000,17869805.90800000,17869805.90800000
956,2021-05-19,55.96900000,57.69100000,26.50000000,34.98800000,22259967.84900000,22259967.84900000
957,2021-05-18,46.74700000,58.38000000,46.05100000,55.97700000,12538546.69800000,12538546.69800000
958,2021-05-17,46.85000000,51.98500000,43.01000000,46.70800000,13839076.47800000,13839076.47800000
959,2021-05-16,43.46200000,52.60000000,41.60200000,46.85000000,13162867.42900000,13162867.42900000
960,2021-05-15,42.69700000,45.50000000,39.30500000,43.48600000,3357108.61700000,3357108.61700000
961,2021-05-14,41.05100000,44.89700000,39.90100000,42.70000000,3421838.27700000,3421838.27700000
962,2021-05-13,43.39400000,45.50100000,37.43000000,41.04900000,7162647.06100000,7162647.06100000
963,2021-05-12,44.57900000,49.24300000,42.18000000,43.70900000,7592760.12800000,7592760.12800000
964,2021-05-11,42.86800000,45.18000000,39.70000000,44.53800000,2758407.69400000,2758407.69400000
965,2021-05-10,44.33000000,45.89000000,39.00000000,42.85400000,2869549.01700000,2869549.01700000
966,2021-05-09,45.63200000,47.15000000,42.60000000,44.33000000,3095018.71700000,3095018.71700000
967,2021-05-08,43.15400000,46.65000000,42.27500000,45.61200000,2539093.01100000,2539093.01100000
968,2021-05-07,43.49600000,46.24300000,41.42000000,43.18200000,3259646.39900000,3259646.39900000
969,2021-05-06,44.96500000,44.98000000,42.55000000,43.49600000,2337263.01200000,2337263.01200000
970,2021-05-05,42.63600000,46.00000000,42.30500000,44.98000000,2772821.52300000,2772821.52300000
971,2021-05-04,45.93500000,47.81000000,42.26000000,42.63600000,4180557.38100000,4180557.38100000
972,2021-05-03,46.92600000,49.00000000,44.77400000,45.91200000,3686007.36900000,3686007.36900000
973,2021-05-02,49.64600000,49.99000000,45.90400000,46.89700000,3794411.24500000,3794411.24500000
974,2021-05-01,42.78600000,49.88000000,42.00100000,49.67000000,5804048.04500000,5804048.04500000
975,2021-04-30,42.45200000,44.31300000,41.21000000,42.78600000,3302673.31100000,3302673.31100000
976,2021-04-29,44.83100000,46.23300000,40.90600000,42.48400000,5805381.22100000,5805381.22100000
977,2021-04-28,43.14700000,46.96200000,40.51600000,44.83300000,7855066.31900000,7855066.31900000
978,2021-04-27,43.88400000,46.60600000,42.50000000,43.14700000,7101848.71800000,7101848.71800000
979,2021-04-26,47.39500000,48.49900000,43.26700000,43.87800000,11079170.60200000,11079170.60200000
980,2021-04-25,40.85250000,48.64400000,40.57200000,47.40500000,11964753.80100000,11964753.80100000
981,2021-04-24,37.30180000,43.63970000,34.58610000,40.84010000,9722785.06000000,9722785.06000000
982,2021-04-23,38.87180000,41.74000000,31.49360000,37.38930000,14705148.48000000,14705148.48000000
983,2021-04-22,32.59650000,41.15870000,31.45860000,38.90000000,14017530.86000000,14017530.86000000
984,2021-04-21,31.69390000,35.18010000,30.11010000,32.55340000,6573327.09000000,6573327.09000000
985,2021-04-20,31.53030000,32.80000000,28.81000000,31.70280000,7036100.92000000,7036100.92000000
986,2021-04-19,32.33240000,36.09500000,29.80660000,31.47110000,12075270.90000000,12075270.90000000
987,2021-04-18,24.85170000,32.99000000,21.10000000,32.33580000,11699397.05000000,11699397.05000000
988,2021-04-17,25.29260000,26.79140000,24.81810000,24.85000000,2442737.39000000,2442737.39000000
989,2021-04-16,27.79460000,28.25710000,24.85470000,25.29960000,2673912.32000000,2673912.32000000
990,2021-04-15,26.41820000,28.20000000,25.44790000,27.78160000,2146653.64000000,2146653.64000000
991,2021-04-14,27.45710000,27.56130000,24.70000000,26.40670000,3623963.28000000,3623963.28000000
992,2021-04-13,28.52660000,28.81620000,26.26160000,27.45070000,2275774.43000000,2275774.43000000
993,2021-04-12,27.85980000,29.92950000,26.80490000,28.54240000,2842013.26000000,2842013.26000000
994,2021-04-11,26.79930000,28.64900000,25.51310000,27.85170000,2517685.81000000,2517685.81000000
995,2021-04-10,27.61940000,28.29480000,25.90170000,26.80210000,2705997.06000000,2705997.06000000
996,2021-04-09,26.92610000,29.00000000,26.70970000,27.61720000,3037133.30000000,3037133.30000000
997,2021-04-08,26.53700000,27.99510000,25.64310000,26.93840000,4209553.61000000,4209553.61000000
998,2021-04-07,25.05480000,27.52030000,22.90780000,26.53850000,7815658.63000000,7815658.63000000
999,2021-04-06,22.98760000,25.30000000,21.75540000,25.05480000,3326493.23000000,3326493.23000000
